Bates/Control #,Bates/Control #,End Bates/Control #,RFP: RFP 1,RFP: RFP 2,RFP: RFP 3,RFP: RFP 4,RFP: RFP 5,RFP: RFP 6,RFP: RFP 7,RFP: RFP 8,RFP: RFP 9,RFP: RFP 10,RFP: RFP 11,RFP: RFP 12
SYNLCPLD023-0000001,SYNLCPLD023-0000001,SYNLCPLD023-0000001,Yes,,,,,,,,,,,
SYNLCPLD023-0000005,SYNLCPLD023-0000005,SYNLCPLD023-0000006,Yes,Yes,,,,,,,,,,
SYNLCPLD023-0000009,SYNLCPLD023-0000009,SYNLCPLD023-0000011,Yes,,Yes,,,,,,,,,
SYNLCPLD023-0000013,SYNLCPLD023-0000013,SYNLCPLD023-0000013,Yes,,,Yes,,,,,,,,
SYNLCPLD023-0000017,SYNLCPLD023-0000017,SYNLCPLD023-0000018,Yes,,,,Yes,,,,,,,
SYNLCPLD023-0000021,SYNLCPLD023-0000021,SYNLCPLD023-0000023,Yes,,,,,Yes,,,,,,
SYNLCPLD023-0000025,SYNLCPLD023-0000025,SYNLCPLD023-0000025,Yes,,,,,,Yes,,,,,
SYNLCPLD023-0000029,SYNLCPLD023-0000029,SYNLCPLD023-0000030,,Yes,,,,,,Yes,,,,
SYNLCPLD023-0000033,SYNLCPLD023-0000033,SYNLCPLD023-0000035,,Yes,,,,,,,Yes,,,
SYNLCPLD023-0000037,SYNLCPLD023-0000037,SYNLCPLD023-0000037,,Yes,,,,,,,,Yes,,
SYNLCPLD023-0000041,SYNLCPLD023-0000041,SYNLCPLD023-0000042,,Yes,,,,,,,,,Yes,
SYNLCPLD023-0000045,SYNLCPLD023-0000045,SYNLCPLD023-0000047,,Yes,,,,,,,,,,Yes
SYNLCPLD023-0000049,SYNLCPLD023-0000049,SYNLCPLD023-0000049,Yes,Yes,,,,,,,,,,
SYNLCPLD023-0000053,SYNLCPLD023-0000053,SYNLCPLD023-0000054,,Yes,,,,,,,,,,
SYNLCPLD023-0000057,SYNLCPLD023-0000057,SYNLCPLD023-0000059,,,Yes,,,,,,,,,
SYNLCPLD023-0000061,SYNLCPLD023-0000061,SYNLCPLD023-0000061,,,Yes,Yes,,,,,,,,
SYNLCPLD023-0000065,SYNLCPLD023-0000065,SYNLCPLD023-0000066,,,Yes,,Yes,,,,,,,
SYNLCPLD023-0000069,SYNLCPLD023-0000069,SYNLCPLD023-0000071,,,Yes,,,Yes,,,,,,
SYNLCPLD023-0000073,SYNLCPLD023-0000073,SYNLCPLD023-0000073,,,Yes,,,,Yes,,,,,
SYNLCPLD023-0000077,SYNLCPLD023-0000077,SYNLCPLD023-0000078,,,Yes,,,,,Yes,,,,
SYNLCPLD023-0000081,SYNLCPLD023-0000081,SYNLCPLD023-0000083,,,Yes,,,,,,Yes,,,
SYNLCPLD023-0000085,SYNLCPLD023-0000085,SYNLCPLD023-0000085,,,,Yes,,,,,,Yes,,
SYNLCPLD023-0000089,SYNLCPLD023-0000089,SYNLCPLD023-0000090,,,,Yes,,,,,,,Yes,
SYNLCPLD023-0000093,SYNLCPLD023-0000093,SYNLCPLD023-0000095,,,,Yes,,,,,,,,Yes
SYNLCPLD023-0000097,SYNLCPLD023-0000097,SYNLCPLD023-0000097,Yes,,,Yes,,,,,,,,
SYNLCPLD023-0000101,SYNLCPLD023-0000101,SYNLCPLD023-0000102,,Yes,,Yes,,,,,,,,
SYNLCPLD023-0000105,SYNLCPLD023-0000105,SYNLCPLD023-0000107,,,Yes,Yes,,,,,,,,
SYNLCPLD023-0000109,SYNLCPLD023-0000109,SYNLCPLD023-0000109,,,,Yes,,,,,,,,
SYNLCPLD023-0000113,SYNLCPLD023-0000113,SYNLCPLD023-0000114,,,,,Yes,,,,,,,
SYNLCPLD023-0000117,SYNLCPLD023-0000117,SYNLCPLD023-0000119,,,,,Yes,Yes,,,,,,
SYNLCPLD023-0000121,SYNLCPLD023-0000121,SYNLCPLD023-0000121,,,,,Yes,,Yes,,,,,
SYNLCPLD023-0000125,SYNLCPLD023-0000125,SYNLCPLD023-0000126,,,,,Yes,,,Yes,,,,
SYNLCPLD023-0000129,SYNLCPLD023-0000129,SYNLCPLD023-0000131,,,,,Yes,,,,Yes,,,
SYNLCPLD023-0000133,SYNLCPLD023-0000133,SYNLCPLD023-0000133,,,,,Yes,,,,,Yes,,
SYNLCPLD023-0000137,SYNLCPLD023-0000137,SYNLCPLD023-0000138,,,,,Yes,,,,,,Yes,
SYNLCPLD023-0000141,SYNLCPLD023-0000141,SYNLCPLD023-0000143,,,,,,Yes,,,,,,Yes
SYNLCPLD023-0000145,SYNLCPLD023-0000145,SYNLCPLD023-0000145,Yes,,,,,Yes,,,,,,
SYNLCPLD023-0000149,SYNLCPLD023-0000149,SYNLCPLD023-0000150,,Yes,,,,Yes,,,,,,
SYNLCPLD023-0000153,SYNLCPLD023-0000153,SYNLCPLD023-0000155,,,Yes,,,Yes,,,,,,
SYNLCPLD023-0000157,SYNLCPLD023-0000157,SYNLCPLD023-0000157,,,,Yes,,Yes,,,,,,
SYNLCPLD023-0000161,SYNLCPLD023-0000161,SYNLCPLD023-0000162,,,,,Yes,Yes,,,,,,
SYNLCPLD023-0000165,SYNLCPLD023-0000165,SYNLCPLD023-0000167,,,,,,Yes,,,,,,
SYNLCPLD023-0000169,SYNLCPLD023-0000169,SYNLCPLD023-0000169,,,,,,,Yes,,,,,
SYNLCPLD023-0000173,SYNLCPLD023-0000173,SYNLCPLD023-0000174,,,,,,,Yes,Yes,,,,
SYNLCPLD023-0000177,SYNLCPLD023-0000177,SYNLCPLD023-0000179,,,,,,,Yes,,Yes,,,
SYNLCPLD023-0000181,SYNLCPLD023-0000181,SYNLCPLD023-0000181,,,,,,,Yes,,,Yes,,
SYNLCPLD023-0000185,SYNLCPLD023-0000185,SYNLCPLD023-0000186,,,,,,,Yes,,,,Yes,
SYNLCPLD023-0000189,SYNLCPLD023-0000189,SYNLCPLD023-0000191,,,,,,,Yes,,,,,Yes
SYNLCPLD023-0000193,SYNLCPLD023-0000193,SYNLCPLD023-0000193,Yes,,,,,,Yes,,,,,
SYNLCPLD023-0000197,SYNLCPLD023-0000197,SYNLCPLD023-0000198,,Yes,,,,,,Yes,,,,
SYNLCPLD023-0000201,SYNLCPLD023-0000201,SYNLCPLD023-0000203,,,Yes,,,,,Yes,,,,
SYNLCPLD023-0000205,SYNLCPLD023-0000205,SYNLCPLD023-0000205,,,,Yes,,,,Yes,,,,
SYNLCPLD023-0000209,SYNLCPLD023-0000209,SYNLCPLD023-0000210,,,,,Yes,,,Yes,,,,
SYNLCPLD023-0000213,SYNLCPLD023-0000213,SYNLCPLD023-0000215,,,,,,Yes,,Yes,,,,
SYNLCPLD023-0000217,SYNLCPLD023-0000217,SYNLCPLD023-0000217,,,,,,,Yes,Yes,,,,
SYNLCPLD023-0000221,SYNLCPLD023-0000221,SYNLCPLD023-0000222,,,,,,,,Yes,,,,
SYNLCPLD023-0000225,SYNLCPLD023-0000225,SYNLCPLD023-0000227,,,,,,,,,Yes,,,
SYNLCPLD023-0000229,SYNLCPLD023-0000229,SYNLCPLD023-0000229,,,,,,,,,Yes,Yes,,
SYNLCPLD023-0000233,SYNLCPLD023-0000233,SYNLCPLD023-0000234,,,,,,,,,Yes,,Yes,
SYNLCPLD023-0000237,SYNLCPLD023-0000237,SYNLCPLD023-0000239,,,,,,,,,Yes,,,Yes
SYNLCPLD023-0000241,SYNLCPLD023-0000241,SYNLCPLD023-0000241,Yes,,,,,,,,Yes,,,
SYNLCPLD023-0000245,SYNLCPLD023-0000245,SYNLCPLD023-0000246,,Yes,,,,,,,Yes,,,
SYNLCPLD023-0000249,SYNLCPLD023-0000249,SYNLCPLD023-0000251,,,Yes,,,,,,Yes,,,
SYNLCPLD023-0000253,SYNLCPLD023-0000253,SYNLCPLD023-0000253,,,,Yes,,,,,,Yes,,
SYNLCPLD023-0000257,SYNLCPLD023-0000257,SYNLCPLD023-0000258,,,,,Yes,,,,,Yes,,
SYNLCPLD023-0000261,SYNLCPLD023-0000261,SYNLCPLD023-0000263,,,,,,Yes,,,,Yes,,
SYNLCPLD023-0000265,SYNLCPLD023-0000265,SYNLCPLD023-0000265,,,,,,,Yes,,,Yes,,
SYNLCPLD023-0000269,SYNLCPLD023-0000269,SYNLCPLD023-0000270,,,,,,,,Yes,,Yes,,
SYNLCPLD023-0000273,SYNLCPLD023-0000273,SYNLCPLD023-0000275,,,,,,,,,Yes,Yes,,
SYNLCPLD023-0000277,SYNLCPLD023-0000277,SYNLCPLD023-0000277,,,,,,,,,,Yes,,
SYNLCPLD023-0000281,SYNLCPLD023-0000281,SYNLCPLD023-0000282,,,,,,,,,,,Yes,
SYNLCPLD023-0000285,SYNLCPLD023-0000285,SYNLCPLD023-0000287,,,,,,,,,,,Yes,Yes
SYNLCPLD023-0000289,SYNLCPLD023-0000289,SYNLCPLD023-0000289,Yes,,,,,,,,,,Yes,
SYNLCPLD023-0000293,SYNLCPLD023-0000293,SYNLCPLD023-0000294,,Yes,,,,,,,,,Yes,
SYNLCPLD023-0000297,SYNLCPLD023-0000297,SYNLCPLD023-0000299,,,Yes,,,,,,,,Yes,
SYNLCPLD023-0000301,SYNLCPLD023-0000301,SYNLCPLD023-0000301,,,,Yes,,,,,,,Yes,
SYNLCPLD023-0000305,SYNLCPLD023-0000305,SYNLCPLD023-0000306,,,,,Yes,,,,,,Yes,
SYNLCPLD023-0000309,SYNLCPLD023-0000309,SYNLCPLD023-0000311,,,,,,Yes,,,,,,Yes
SYNLCPLD023-0000313,SYNLCPLD023-0000313,SYNLCPLD023-0000313,,,,,,,Yes,,,,,Yes
SYNLCPLD023-0000317,SYNLCPLD023-0000317,SYNLCPLD023-0000318,,,,,,,,Yes,,,,Yes
SYNLCPLD023-0000321,SYNLCPLD023-0000321,SYNLCPLD023-0000323,,,,,,,,,Yes,,,Yes
SYNLCPLD023-0000325,SYNLCPLD023-0000325,SYNLCPLD023-0000325,,,,,,,,,,Yes,,Yes
SYNLCPLD023-0000329,SYNLCPLD023-0000329,SYNLCPLD023-0000330,,,,,,,,,,,Yes,Yes
SYNLCPLD023-0000333,SYNLCPLD023-0000333,SYNLCPLD023-0000335,,,,,,,,,,,,Yes
SYNLCPLD023-0000337,SYNLCPLD023-0000337,SYNLCPLD023-0000337,Yes,,,,,,,,,,,
SYNLCPLD023-0000341,SYNLCPLD023-0000341,SYNLCPLD023-0000342,Yes,Yes,,,,,,,,,,
SYNLCPLD023-0000345,SYNLCPLD023-0000345,SYNLCPLD023-0000347,Yes,,Yes,,,,,,,,,
SYNLCPLD023-0000349,SYNLCPLD023-0000349,SYNLCPLD023-0000349,Yes,,,Yes,,,,,,,,
SYNLCPLD023-0000353,SYNLCPLD023-0000353,SYNLCPLD023-0000354,Yes,,,,Yes,,,,,,,
SYNLCPLD023-0000357,SYNLCPLD023-0000357,SYNLCPLD023-0000359,Yes,,,,,Yes,,,,,,
SYNLCPLD023-0000361,SYNLCPLD023-0000361,SYNLCPLD023-0000361,Yes,,,,,,Yes,,,,,
SYNLCPLD023-0000365,SYNLCPLD023-0000365,SYNLCPLD023-0000366,,Yes,,,,,,Yes,,,,
SYNLCPLD023-0000369,SYNLCPLD023-0000369,SYNLCPLD023-0000371,,Yes,,,,,,,Yes,,,
SYNLCPLD023-0000373,SYNLCPLD023-0000373,SYNLCPLD023-0000373,,Yes,,,,,,,,Yes,,
SYNLCPLD023-0000377,SYNLCPLD023-0000377,SYNLCPLD023-0000378,,Yes,,,,,,,,,Yes,
SYNLCPLD023-0000381,SYNLCPLD023-0000381,SYNLCPLD023-0000383,,Yes,,,,,,,,,,Yes
SYNLCPLD023-0000385,SYNLCPLD023-0000385,SYNLCPLD023-0000385,Yes,Yes,,,,,,,,,,
SYNLCPLD023-0000389,SYNLCPLD023-0000389,SYNLCPLD023-0000390,,Yes,,,,,,,,,,
SYNLCPLD023-0000393,SYNLCPLD023-0000393,SYNLCPLD023-0000395,,,Yes,,,,,,,,,
SYNLCPLD023-0000397,SYNLCPLD023-0000397,SYNLCPLD023-0000397,,,Yes,Yes,,,,,,,,
SYNLCPLD023-0000401,SYNLCPLD023-0000401,SYNLCPLD023-0000402,,,Yes,,Yes,,,,,,,
SYNLCPLD023-0000405,SYNLCPLD023-0000405,SYNLCPLD023-0000407,,,Yes,,,Yes,,,,,,
SYNLCPLD023-0000409,SYNLCPLD023-0000409,SYNLCPLD023-0000409,,,Yes,,,,Yes,,,,,
SYNLCPLD023-0000413,SYNLCPLD023-0000413,SYNLCPLD023-0000414,,,Yes,,,,,Yes,,,,
SYNLCPLD023-0000417,SYNLCPLD023-0000417,SYNLCPLD023-0000419,,,Yes,,,,,,Yes,,,
SYNLCPLD023-0000421,SYNLCPLD023-0000421,SYNLCPLD023-0000421,,,,Yes,,,,,,Yes,,
SYNLCPLD023-0000425,SYNLCPLD023-0000425,SYNLCPLD023-0000426,,,,Yes,,,,,,,Yes,
SYNLCPLD023-0000429,SYNLCPLD023-0000429,SYNLCPLD023-0000431,,,,Yes,,,,,,,,Yes
SYNLCPLD023-0000433,SYNLCPLD023-0000433,SYNLCPLD023-0000433,Yes,,,Yes,,,,,,,,
SYNLCPLD023-0000437,SYNLCPLD023-0000437,SYNLCPLD023-0000438,,Yes,,Yes,,,,,,,,
SYNLCPLD023-0000441,SYNLCPLD023-0000441,SYNLCPLD023-0000443,,,Yes,Yes,,,,,,,,
SYNLCPLD023-0000445,SYNLCPLD023-0000445,SYNLCPLD023-0000445,,,,Yes,,,,,,,,
SYNLCPLD023-0000449,SYNLCPLD023-0000449,SYNLCPLD023-0000450,,,,,Yes,,,,,,,
SYNLCPLD023-0000453,SYNLCPLD023-0000453,SYNLCPLD023-0000455,,,,,Yes,Yes,,,,,,
SYNLCPLD023-0000457,SYNLCPLD023-0000457,SYNLCPLD023-0000457,,,,,Yes,,Yes,,,,,
SYNLCPLD023-0000461,SYNLCPLD023-0000461,SYNLCPLD023-0000462,,,,,Yes,,,Yes,,,,
SYNLCPLD023-0000465,SYNLCPLD023-0000465,SYNLCPLD023-0000467,,,,,Yes,,,,Yes,,,
SYNLCPLD023-0000469,SYNLCPLD023-0000469,SYNLCPLD023-0000469,,,,,Yes,,,,,Yes,,
SYNLCPLD023-0000473,SYNLCPLD023-0000473,SYNLCPLD023-0000474,,,,,Yes,,,,,,Yes,
SYNLCPLD023-0000477,SYNLCPLD023-0000477,SYNLCPLD023-0000479,,,,,,Yes,,,,,,Yes
SYNLCPLD023-0000481,SYNLCPLD023-0000481,SYNLCPLD023-0000481,Yes,,,,,Yes,,,,,,
SYNLCPLD023-0000485,SYNLCPLD023-0000485,SYNLCPLD023-0000486,,Yes,,,,Yes,,,,,,
SYNLCPLD023-0000489,SYNLCPLD023-0000489,SYNLCPLD023-0000491,,,Yes,,,Yes,,,,,,
SYNLCPLD023-0000493,SYNLCPLD023-0000493,SYNLCPLD023-0000493,,,,Yes,,Yes,,,,,,
SYNLCPLD023-0000497,SYNLCPLD023-0000497,SYNLCPLD023-0000498,,,,,Yes,Yes,,,,,,
SYNLCPLD023-0000501,SYNLCPLD023-0000501,SYNLCPLD023-0000503,,,,,,Yes,,,,,,
SYNLCPLD023-0000505,SYNLCPLD023-0000505,SYNLCPLD023-0000505,,,,,,,Yes,,,,,
SYNLCPLD023-0000509,SYNLCPLD023-0000509,SYNLCPLD023-0000510,,,,,,,Yes,Yes,,,,
SYNLCPLD023-0000513,SYNLCPLD023-0000513,SYNLCPLD023-0000515,,,,,,,Yes,,Yes,,,
SYNLCPLD023-0000517,SYNLCPLD023-0000517,SYNLCPLD023-0000517,,,,,,,Yes,,,Yes,,
SYNLCPLD023-0000521,SYNLCPLD023-0000521,SYNLCPLD023-0000522,,,,,,,Yes,,,,Yes,
SYNLCPLD023-0000525,SYNLCPLD023-0000525,SYNLCPLD023-0000527,,,,,,,Yes,,,,,Yes
SYNLCPLD023-0000529,SYNLCPLD023-0000529,SYNLCPLD023-0000529,Yes,,,,,,Yes,,,,,
SYNLCPLD023-0000533,SYNLCPLD023-0000533,SYNLCPLD023-0000534,,Yes,,,,,,Yes,,,,
SYNLCPLD023-0000537,SYNLCPLD023-0000537,SYNLCPLD023-0000539,,,Yes,,,,,Yes,,,,
SYNLCPLD023-0000541,SYNLCPLD023-0000541,SYNLCPLD023-0000541,,,,Yes,,,,Yes,,,,
SYNLCPLD023-0000545,SYNLCPLD023-0000545,SYNLCPLD023-0000546,,,,,Yes,,,Yes,,,,
SYNLCPLD023-0000549,SYNLCPLD023-0000549,SYNLCPLD023-0000551,,,,,,Yes,,Yes,,,,
SYNLCPLD023-0000553,SYNLCPLD023-0000553,SYNLCPLD023-0000553,,,,,,,Yes,Yes,,,,
SYNLCPLD023-0000557,SYNLCPLD023-0000557,SYNLCPLD023-0000558,,,,,,,,Yes,,,,
SYNLCPLD023-0000561,SYNLCPLD023-0000561,SYNLCPLD023-0000563,,,,,,,,,Yes,,,
SYNLCPLD023-0000565,SYNLCPLD023-0000565,SYNLCPLD023-0000565,,,,,,,,,Yes,Yes,,
SYNLCPLD023-0000569,SYNLCPLD023-0000569,SYNLCPLD023-0000570,,,,,,,,,Yes,,Yes,
SYNLCPLD023-0000573,SYNLCPLD023-0000573,SYNLCPLD023-0000575,,,,,,,,,Yes,,,Yes
SYNLCPLD023-0000577,SYNLCPLD023-0000577,SYNLCPLD023-0000577,Yes,,,,,,,,Yes,,,
SYNLCPLD023-0000581,SYNLCPLD023-0000581,SYNLCPLD023-0000582,,Yes,,,,,,,Yes,,,
SYNLCPLD023-0000585,SYNLCPLD023-0000585,SYNLCPLD023-0000587,,,Yes,,,,,,Yes,,,
SYNLCPLD023-0000589,SYNLCPLD023-0000589,SYNLCPLD023-0000589,,,,Yes,,,,,,Yes,,
SYNLCPLD023-0000593,SYNLCPLD023-0000593,SYNLCPLD023-0000594,,,,,Yes,,,,,Yes,,
SYNLCPLD023-0000597,SYNLCPLD023-0000597,SYNLCPLD023-0000599,,,,,,Yes,,,,Yes,,
SYNLCPLD023-0000601,SYNLCPLD023-0000601,SYNLCPLD023-0000601,,,,,,,Yes,,,Yes,,
SYNLCPLD023-0000605,SYNLCPLD023-0000605,SYNLCPLD023-0000606,,,,,,,,Yes,,Yes,,
SYNLCPLD023-0000609,SYNLCPLD023-0000609,SYNLCPLD023-0000611,,,,,,,,,Yes,Yes,,
SYNLCPLD023-0000613,SYNLCPLD023-0000613,SYNLCPLD023-0000613,,,,,,,,,,Yes,,
SYNLCPLD023-0000617,SYNLCPLD023-0000617,SYNLCPLD023-0000618,,,,,,,,,,,Yes,
SYNLCPLD023-0000621,SYNLCPLD023-0000621,SYNLCPLD023-0000623,,,,,,,,,,,Yes,Yes
SYNLCPLD023-0000625,SYNLCPLD023-0000625,SYNLCPLD023-0000625,Yes,,,,,,,,,,Yes,
SYNLCPLD023-0000629,SYNLCPLD023-0000629,SYNLCPLD023-0000630,,Yes,,,,,,,,,Yes,
SYNLCPLD023-0000633,SYNLCPLD023-0000633,SYNLCPLD023-0000635,,,Yes,,,,,,,,Yes,
SYNLCPLD023-0000637,SYNLCPLD023-0000637,SYNLCPLD023-0000637,,,,Yes,,,,,,,Yes,
SYNLCPLD023-0000641,SYNLCPLD023-0000641,SYNLCPLD023-0000642,,,,,Yes,,,,,,Yes,
SYNLCPLD023-0000645,SYNLCPLD023-0000645,SYNLCPLD023-0000647,,,,,,Yes,,,,,,Yes
SYNLCPLD023-0000649,SYNLCPLD023-0000649,SYNLCPLD023-0000649,,,,,,,Yes,,,,,Yes
SYNLCPLD023-0000653,SYNLCPLD023-0000653,SYNLCPLD023-0000654,,,,,,,,Yes,,,,Yes
SYNLCPLD023-0000657,SYNLCPLD023-0000657,SYNLCPLD023-0000659,,,,,,,,,Yes,,,Yes
SYNLCPLD023-0000661,SYNLCPLD023-0000661,SYNLCPLD023-0000661,,,,,,,,,,Yes,,Yes
SYNLCPLD023-0000665,SYNLCPLD023-0000665,SYNLCPLD023-0000666,,,,,,,,,,,Yes,Yes
SYNLCPLD023-0000669,SYNLCPLD023-0000669,SYNLCPLD023-0000671,,,,,,,,,,,,Yes
SYNLCPLD023-0000673,SYNLCPLD023-0000673,SYNLCPLD023-0000673,Yes,,,,,,,,,,,
SYNLCPLD023-0000677,SYNLCPLD023-0000677,SYNLCPLD023-0000678,Yes,Yes,,,,,,,,,,
SYNLCPLD023-0000681,SYNLCPLD023-0000681,SYNLCPLD023-0000683,Yes,,Yes,,,,,,,,,
SYNLCPLD023-0000685,SYNLCPLD023-0000685,SYNLCPLD023-0000685,Yes,,,Yes,,,,,,,,
SYNLCPLD023-0000689,SYNLCPLD023-0000689,SYNLCPLD023-0000690,Yes,,,,Yes,,,,,,,
SYNLCPLD023-0000693,SYNLCPLD023-0000693,SYNLCPLD023-0000695,Yes,,,,,Yes,,,,,,
SYNLCPLD023-0000697,SYNLCPLD023-0000697,SYNLCPLD023-0000697,Yes,,,,,,Yes,,,,,
SYNLCPLD023-0000701,SYNLCPLD023-0000701,SYNLCPLD023-0000702,,Yes,,,,,,Yes,,,,
SYNLCPLD023-0000705,SYNLCPLD023-0000705,SYNLCPLD023-0000707,,Yes,,,,,,,Yes,,,
SYNLCPLD023-0000709,SYNLCPLD023-0000709,SYNLCPLD023-0000709,,Yes,,,,,,,,Yes,,
SYNLCPLD023-0000713,SYNLCPLD023-0000713,SYNLCPLD023-0000714,,Yes,,,,,,,,,Yes,
SYNLCPLD023-0000717,SYNLCPLD023-0000717,SYNLCPLD023-0000719,,Yes,,,,,,,,,,Yes
SYNLCPLD023-0000721,SYNLCPLD023-0000721,SYNLCPLD023-0000721,Yes,Yes,,,,,,,,,,
SYNLCPLD023-0000725,SYNLCPLD023-0000725,SYNLCPLD023-0000726,,Yes,,,,,,,,,,
SYNLCPLD023-0000729,SYNLCPLD023-0000729,SYNLCPLD023-0000731,,,Yes,,,,,,,,,
SYNLCPLD023-0000733,SYNLCPLD023-0000733,SYNLCPLD023-0000733,,,Yes,Yes,,,,,,,,
SYNLCPLD023-0000737,SYNLCPLD023-0000737,SYNLCPLD023-0000738,,,Yes,,Yes,,,,,,,
SYNLCPLD023-0000741,SYNLCPLD023-0000741,SYNLCPLD023-0000743,,,Yes,,,Yes,,,,,,
SYNLCPLD023-0000745,SYNLCPLD023-0000745,SYNLCPLD023-0000745,,,Yes,,,,Yes,,,,,
SYNLCPLD023-0000749,SYNLCPLD023-0000749,SYNLCPLD023-0000750,,,Yes,,,,,Yes,,,,
SYNLCPLD023-0000753,SYNLCPLD023-0000753,SYNLCPLD023-0000755,,,Yes,,,,,,Yes,,,
SYNLCPLD023-0000757,SYNLCPLD023-0000757,SYNLCPLD023-0000757,,,,Yes,,,,,,Yes,,
SYNLCPLD023-0000761,SYNLCPLD023-0000761,SYNLCPLD023-0000762,,,,Yes,,,,,,,Yes,
SYNLCPLD023-0000765,SYNLCPLD023-0000765,SYNLCPLD023-0000767,,,,Yes,,,,,,,,Yes
SYNLCPLD023-0000769,SYNLCPLD023-0000769,SYNLCPLD023-0000769,Yes,,,Yes,,,,,,,,
SYNLCPLD023-0000773,SYNLCPLD023-0000773,SYNLCPLD023-0000774,,Yes,,Yes,,,,,,,,
SYNLCPLD023-0000777,SYNLCPLD023-0000777,SYNLCPLD023-0000779,,,Yes,Yes,,,,,,,,
SYNLCPLD023-0000781,SYNLCPLD023-0000781,SYNLCPLD023-0000781,,,,Yes,,,,,,,,
SYNLCPLD023-0000785,SYNLCPLD023-0000785,SYNLCPLD023-0000786,,,,,Yes,,,,,,,
SYNLCPLD023-0000789,SYNLCPLD023-0000789,SYNLCPLD023-0000791,,,,,Yes,Yes,,,,,,
SYNLCPLD023-0000793,SYNLCPLD023-0000793,SYNLCPLD023-0000793,,,,,Yes,,Yes,,,,,
SYNLCPLD023-0000797,SYNLCPLD023-0000797,SYNLCPLD023-0000798,,,,,Yes,,,Yes,,,,
SYNLCPLD023-0000801,SYNLCPLD023-0000801,SYNLCPLD023-0000803,,,,,Yes,,,,Yes,,,
SYNLCPLD023-0000805,SYNLCPLD023-0000805,SYNLCPLD023-0000805,,,,,Yes,,,,,Yes,,
SYNLCPLD023-0000809,SYNLCPLD023-0000809,SYNLCPLD023-0000810,,,,,Yes,,,,,,Yes,
SYNLCPLD023-0000813,SYNLCPLD023-0000813,SYNLCPLD023-0000815,,,,,,Yes,,,,,,Yes
SYNLCPLD023-0000817,SYNLCPLD023-0000817,SYNLCPLD023-0000817,Yes,,,,,Yes,,,,,,
SYNLCPLD023-0000821,SYNLCPLD023-0000821,SYNLCPLD023-0000822,,Yes,,,,Yes,,,,,,
SYNLCPLD023-0000825,SYNLCPLD023-0000825,SYNLCPLD023-0000827,,,Yes,,,Yes,,,,,,
SYNLCPLD023-0000829,SYNLCPLD023-0000829,SYNLCPLD023-0000829,,,,Yes,,Yes,,,,,,
SYNLCPLD023-0000833,SYNLCPLD023-0000833,SYNLCPLD023-0000834,,,,,Yes,Yes,,,,,,
SYNLCPLD023-0000837,SYNLCPLD023-0000837,SYNLCPLD023-0000839,,,,,,Yes,,,,,,
SYNLCPLD023-0000841,SYNLCPLD023-0000841,SYNLCPLD023-0000841,,,,,,,Yes,,,,,
SYNLCPLD023-0000845,SYNLCPLD023-0000845,SYNLCPLD023-0000846,,,,,,,Yes,Yes,,,,
SYNLCPLD023-0000849,SYNLCPLD023-0000849,SYNLCPLD023-0000851,,,,,,,Yes,,Yes,,,
SYNLCPLD023-0000853,SYNLCPLD023-0000853,SYNLCPLD023-0000853,,,,,,,Yes,,,Yes,,
SYNLCPLD023-0000857,SYNLCPLD023-0000857,SYNLCPLD023-0000858,,,,,,,Yes,,,,Yes,
SYNLCPLD023-0000861,SYNLCPLD023-0000861,SYNLCPLD023-0000863,,,,,,,Yes,,,,,Yes
SYNLCPLD023-0000865,SYNLCPLD023-0000865,SYNLCPLD023-0000865,Yes,,,,,,Yes,,,,,
SYNLCPLD023-0000869,SYNLCPLD023-0000869,SYNLCPLD023-0000870,,Yes,,,,,,Yes,,,,
SYNLCPLD023-0000873,SYNLCPLD023-0000873,SYNLCPLD023-0000875,,,Yes,,,,,Yes,,,,
SYNLCPLD023-0000877,SYNLCPLD023-0000877,SYNLCPLD023-0000877,,,,Yes,,,,Yes,,,,
SYNLCPLD023-0000881,SYNLCPLD023-0000881,SYNLCPLD023-0000882,,,,,Yes,,,Yes,,,,
SYNLCPLD023-0000885,SYNLCPLD023-0000885,SYNLCPLD023-0000887,,,,,,Yes,,Yes,,,,
SYNLCPLD023-0000889,SYNLCPLD023-0000889,SYNLCPLD023-0000889,,,,,,,Yes,Yes,,,,
SYNLCPLD023-0000893,SYNLCPLD023-0000893,SYNLCPLD023-0000894,,,,,,,,Yes,,,,
SYNLCPLD023-0000897,SYNLCPLD023-0000897,SYNLCPLD023-0000899,,,,,,,,,Yes,,,
SYNLCPLD023-0000901,SYNLCPLD023-0000901,SYNLCPLD023-0000901,,,,,,,,,Yes,Yes,,
SYNLCPLD023-0000905,SYNLCPLD023-0000905,SYNLCPLD023-0000906,,,,,,,,,Yes,,Yes,
SYNLCPLD023-0000909,SYNLCPLD023-0000909,SYNLCPLD023-0000911,,,,,,,,,Yes,,,Yes
SYNLCPLD023-0000913,SYNLCPLD023-0000913,SYNLCPLD023-0000913,Yes,,,,,,,,Yes,,,
SYNLCPLD023-0000917,SYNLCPLD023-0000917,SYNLCPLD023-0000918,,Yes,,,,,,,Yes,,,
SYNLCPLD023-0000921,SYNLCPLD023-0000921,SYNLCPLD023-0000923,,,Yes,,,,,,Yes,,,
SYNLCPLD023-0000925,SYNLCPLD023-0000925,SYNLCPLD023-0000925,,,,Yes,,,,,,Yes,,
SYNLCPLD023-0000929,SYNLCPLD023-0000929,SYNLCPLD023-0000930,,,,,Yes,,,,,Yes,,
SYNLCPLD023-0000933,SYNLCPLD023-0000933,SYNLCPLD023-0000935,,,,,,Yes,,,,Yes,,
SYNLCPLD023-0000937,SYNLCPLD023-0000937,SYNLCPLD023-0000937,,,,,,,Yes,,,Yes,,
SYNLCPLD023-0000941,SYNLCPLD023-0000941,SYNLCPLD023-0000942,,,,,,,,Yes,,Yes,,
SYNLCPLD023-0000945,SYNLCPLD023-0000945,SYNLCPLD023-0000947,,,,,,,,,Yes,Yes,,
SYNLCPLD023-0000949,SYNLCPLD023-0000949,SYNLCPLD023-0000949,,,,,,,,,,Yes,,
SYNLCPLD023-0000953,SYNLCPLD023-0000953,SYNLCPLD023-0000954,,,,,,,,,,,Yes,
SYNLCPLD023-0000957,SYNLCPLD023-0000957,SYNLCPLD023-0000959,,,,,,,,,,,Yes,Yes
SYNLCPLD023-0000961,SYNLCPLD023-0000961,SYNLCPLD023-0000961,Yes,,,,,,,,,,Yes,
SYNLCPLD023-0000965,SYNLCPLD023-0000965,SYNLCPLD023-0000966,,Yes,,,,,,,,,Yes,
SYNLCPLD023-0000969,SYNLCPLD023-0000969,SYNLCPLD023-0000971,,,Yes,,,,,,,,Yes,
SYNLCPLD023-0000973,SYNLCPLD023-0000973,SYNLCPLD023-0000973,,,,Yes,,,,,,,Yes,
SYNLCPLD023-0000977,SYNLCPLD023-0000977,SYNLCPLD023-0000978,,,,,Yes,,,,,,Yes,
SYNLCPLD023-0000981,SYNLCPLD023-0000981,SYNLCPLD023-0000983,,,,,,Yes,,,,,,Yes
SYNLCPLD023-0000985,SYNLCPLD023-0000985,SYNLCPLD023-0000985,,,,,,,Yes,,,,,Yes
SYNLCPLD023-0000989,SYNLCPLD023-0000989,SYNLCPLD023-0000990,,,,,,,,Yes,,,,Yes
SYNLCPLD023-0000993,SYNLCPLD023-0000993,SYNLCPLD023-0000995,,,,,,,,,Yes,,,Yes
SYNLCPLD023-0000997,SYNLCPLD023-0000997,SYNLCPLD023-0000997,,,,,,,,,,Yes,,Yes
SYNLCPLD023-0001001,SYNLCPLD023-0001001,SYNLCPLD023-0001002,,,,,,,,,,,Yes,Yes
SYNLCPLD023-0001005,SYNLCPLD023-0001005,SYNLCPLD023-0001007,,,,,,,,,,,,Yes
SYNLCPLD023-0001009,SYNLCPLD023-0001009,SYNLCPLD023-0001009,Yes,,,,,,,,,,,
SYNLCPLD023-0001013,SYNLCPLD023-0001013,SYNLCPLD023-0001014,Yes,Yes,,,,,,,,,,
SYNLCPLD023-0001017,SYNLCPLD023-0001017,SYNLCPLD023-0001019,Yes,,Yes,,,,,,,,,
SYNLCPLD023-0001021,SYNLCPLD023-0001021,SYNLCPLD023-0001021,Yes,,,Yes,,,,,,,,
SYNLCPLD023-0001025,SYNLCPLD023-0001025,SYNLCPLD023-0001026,Yes,,,,Yes,,,,,,,
SYNLCPLD023-0001029,SYNLCPLD023-0001029,SYNLCPLD023-0001031,Yes,,,,,Yes,,,,,,
SYNLCPLD023-0001033,SYNLCPLD023-0001033,SYNLCPLD023-0001033,Yes,,,,,,Yes,,,,,
SYNLCPLD023-0001037,SYNLCPLD023-0001037,SYNLCPLD023-0001038,,Yes,,,,,,Yes,,,,
SYNLCPLD023-0001041,SYNLCPLD023-0001041,SYNLCPLD023-0001043,,Yes,,,,,,,Yes,,,
SYNLCPLD023-0001045,SYNLCPLD023-0001045,SYNLCPLD023-0001045,,Yes,,,,,,,,Yes,,
SYNLCPLD023-0001049,SYNLCPLD023-0001049,SYNLCPLD023-0001050,,Yes,,,,,,,,,Yes,
SYNLCPLD023-0001053,SYNLCPLD023-0001053,SYNLCPLD023-0001055,,Yes,,,,,,,,,,Yes
SYNLCPLD023-0001057,SYNLCPLD023-0001057,SYNLCPLD023-0001057,Yes,Yes,,,,,,,,,,
SYNLCPLD023-0001061,SYNLCPLD023-0001061,SYNLCPLD023-0001062,,Yes,,,,,,,,,,
SYNLCPLD023-0001065,SYNLCPLD023-0001065,SYNLCPLD023-0001067,,,Yes,,,,,,,,,
SYNLCPLD023-0001069,SYNLCPLD023-0001069,SYNLCPLD023-0001069,,,Yes,Yes,,,,,,,,
SYNLCPLD023-0001073,SYNLCPLD023-0001073,SYNLCPLD023-0001074,,,Yes,,Yes,,,,,,,
SYNLCPLD023-0001077,SYNLCPLD023-0001077,SYNLCPLD023-0001079,,,Yes,,,Yes,,,,,,
SYNLCPLD023-0001081,SYNLCPLD023-0001081,SYNLCPLD023-0001081,,,Yes,,,,Yes,,,,,
SYNLCPLD023-0001085,SYNLCPLD023-0001085,SYNLCPLD023-0001086,,,Yes,,,,,Yes,,,,
SYNLCPLD023-0001089,SYNLCPLD023-0001089,SYNLCPLD023-0001091,,,Yes,,,,,,Yes,,,
SYNLCPLD023-0001093,SYNLCPLD023-0001093,SYNLCPLD023-0001093,,,,Yes,,,,,,Yes,,
SYNLCPLD023-0001097,SYNLCPLD023-0001097,SYNLCPLD023-0001098,,,,Yes,,,,,,,Yes,
SYNLCPLD023-0001101,SYNLCPLD023-0001101,SYNLCPLD023-0001103,,,,Yes,,,,,,,,Yes
SYNLCPLD023-0001105,SYNLCPLD023-0001105,SYNLCPLD023-0001105,Yes,,,Yes,,,,,,,,
SYNLCPLD023-0001109,SYNLCPLD023-0001109,SYNLCPLD023-0001110,,Yes,,Yes,,,,,,,,
SYNLCPLD023-0001113,SYNLCPLD023-0001113,SYNLCPLD023-0001115,,,Yes,Yes,,,,,,,,
SYNLCPLD023-0001117,SYNLCPLD023-0001117,SYNLCPLD023-0001117,,,,Yes,,,,,,,,
SYNLCPLD023-0001121,SYNLCPLD023-0001121,SYNLCPLD023-0001122,,,,,Yes,,,,,,,
SYNLCPLD023-0001125,SYNLCPLD023-0001125,SYNLCPLD023-0001127,,,,,Yes,Yes,,,,,,
SYNLCPLD023-0001129,SYNLCPLD023-0001129,SYNLCPLD023-0001129,,,,,Yes,,Yes,,,,,
SYNLCPLD023-0001133,SYNLCPLD023-0001133,SYNLCPLD023-0001134,,,,,Yes,,,Yes,,,,
SYNLCPLD023-0001137,SYNLCPLD023-0001137,SYNLCPLD023-0001139,,,,,Yes,,,,Yes,,,
SYNLCPLD023-0001141,SYNLCPLD023-0001141,SYNLCPLD023-0001141,,,,,Yes,,,,,Yes,,
SYNLCPLD023-0001145,SYNLCPLD023-0001145,SYNLCPLD023-0001146,,,,,Yes,,,,,,Yes,
SYNLCPLD023-0001149,SYNLCPLD023-0001149,SYNLCPLD023-0001151,,,,,,Yes,,,,,,Yes
SYNLCPLD023-0001153,SYNLCPLD023-0001153,SYNLCPLD023-0001153,Yes,,,,,Yes,,,,,,
SYNLCPLD023-0001157,SYNLCPLD023-0001157,SYNLCPLD023-0001158,,Yes,,,,Yes,,,,,,
SYNLCPLD023-0001161,SYNLCPLD023-0001161,SYNLCPLD023-0001163,,,Yes,,,Yes,,,,,,
SYNLCPLD023-0001165,SYNLCPLD023-0001165,SYNLCPLD023-0001165,,,,Yes,,Yes,,,,,,
SYNLCPLD023-0001169,SYNLCPLD023-0001169,SYNLCPLD023-0001170,,,,,Yes,Yes,,,,,,
SYNLCPLD023-0001173,SYNLCPLD023-0001173,SYNLCPLD023-0001175,,,,,,Yes,,,,,,
SYNLCPLD023-0001177,SYNLCPLD023-0001177,SYNLCPLD023-0001177,,,,,,,Yes,,,,,
SYNLCPLD023-0001181,SYNLCPLD023-0001181,SYNLCPLD023-0001182,,,,,,,Yes,Yes,,,,
SYNLCPLD023-0001185,SYNLCPLD023-0001185,SYNLCPLD023-0001187,,,,,,,Yes,,Yes,,,
SYNLCPLD023-0001189,SYNLCPLD023-0001189,SYNLCPLD023-0001189,,,,,,,Yes,,,Yes,,
SYNLCPLD023-0001193,SYNLCPLD023-0001193,SYNLCPLD023-0001194,,,,,,,Yes,,,,Yes,
SYNLCPLD023-0001197,SYNLCPLD023-0001197,SYNLCPLD023-0001199,,,,,,,Yes,,,,,Yes
SYNLCPLD023-0001201,SYNLCPLD023-0001201,SYNLCPLD023-0001201,Yes,,,,,,Yes,,,,,
SYNLCPLD023-0001205,SYNLCPLD023-0001205,SYNLCPLD023-0001206,,Yes,,,,,,Yes,,,,
SYNLCPLD023-0001209,SYNLCPLD023-0001209,SYNLCPLD023-0001211,,,Yes,,,,,Yes,,,,
SYNLCPLD023-0001213,SYNLCPLD023-0001213,SYNLCPLD023-0001213,,,,Yes,,,,Yes,,,,
SYNLCPLD023-0001217,SYNLCPLD023-0001217,SYNLCPLD023-0001218,,,,,Yes,,,Yes,,,,
SYNLCPLD023-0001221,SYNLCPLD023-0001221,SYNLCPLD023-0001223,,,,,,Yes,,Yes,,,,
SYNLCPLD023-0001225,SYNLCPLD023-0001225,SYNLCPLD023-0001225,,,,,,,Yes,Yes,,,,
SYNLCPLD023-0001229,SYNLCPLD023-0001229,SYNLCPLD023-0001230,,,,,,,,Yes,,,,
SYNLCPLD023-0001233,SYNLCPLD023-0001233,SYNLCPLD023-0001235,,,,,,,,,Yes,,,
SYNLCPLD023-0001237,SYNLCPLD023-0001237,SYNLCPLD023-0001237,,,,,,,,,Yes,Yes,,
SYNLCPLD023-0001241,SYNLCPLD023-0001241,SYNLCPLD023-0001242,,,,,,,,,Yes,,Yes,
SYNLCPLD023-0001245,SYNLCPLD023-0001245,SYNLCPLD023-0001247,,,,,,,,,Yes,,,Yes
SYNLCPLD023-0001249,SYNLCPLD023-0001249,SYNLCPLD023-0001249,Yes,,,,,,,,Yes,,,
SYNLCPLD023-0001253,SYNLCPLD023-0001253,SYNLCPLD023-0001254,,Yes,,,,,,,Yes,,,
SYNLCPLD023-0001257,SYNLCPLD023-0001257,SYNLCPLD023-0001259,,,Yes,,,,,,Yes,,,
SYNLCPLD023-0001261,SYNLCPLD023-0001261,SYNLCPLD023-0001261,,,,Yes,,,,,,Yes,,
SYNLCPLD023-0001265,SYNLCPLD023-0001265,SYNLCPLD023-0001266,,,,,Yes,,,,,Yes,,
SYNLCPLD023-0001269,SYNLCPLD023-0001269,SYNLCPLD023-0001271,,,,,,Yes,,,,Yes,,
SYNLCPLD023-0001273,SYNLCPLD023-0001273,SYNLCPLD023-0001273,,,,,,,Yes,,,Yes,,
SYNLCPLD023-0001277,SYNLCPLD023-0001277,SYNLCPLD023-0001278,,,,,,,,Yes,,Yes,,
SYNLCPLD023-0001281,SYNLCPLD023-0001281,SYNLCPLD023-0001283,,,,,,,,,Yes,Yes,,
SYNLCPLD023-0001285,SYNLCPLD023-0001285,SYNLCPLD023-0001285,,,,,,,,,,Yes,,
SYNLCPLD023-0001289,SYNLCPLD023-0001289,SYNLCPLD023-0001290,,,,,,,,,,,Yes,
SYNLCPLD023-0001293,SYNLCPLD023-0001293,SYNLCPLD023-0001295,,,,,,,,,,,Yes,Yes
SYNLCPLD023-0001297,SYNLCPLD023-0001297,SYNLCPLD023-0001297,Yes,,,,,,,,,,Yes,
SYNLCPLD023-0001301,SYNLCPLD023-0001301,SYNLCPLD023-0001302,,Yes,,,,,,,,,Yes,
SYNLCPLD023-0001305,SYNLCPLD023-0001305,SYNLCPLD023-0001307,,,Yes,,,,,,,,Yes,
SYNLCPLD023-0001309,SYNLCPLD023-0001309,SYNLCPLD023-0001309,,,,Yes,,,,,,,Yes,
SYNLCPLD023-0001313,SYNLCPLD023-0001313,SYNLCPLD023-0001314,,,,,Yes,,,,,,Yes,
SYNLCPLD023-0001317,SYNLCPLD023-0001317,SYNLCPLD023-0001319,,,,,,Yes,,,,,,Yes
SYNLCPLD023-0001321,SYNLCPLD023-0001321,SYNLCPLD023-0001321,,,,,,,Yes,,,,,Yes
SYNLCPLD023-0001325,SYNLCPLD023-0001325,SYNLCPLD023-0001326,,,,,,,,Yes,,,,Yes
SYNLCPLD023-0001329,SYNLCPLD023-0001329,SYNLCPLD023-0001331,,,,,,,,,Yes,,,Yes
SYNLCPLD023-0001333,SYNLCPLD023-0001333,SYNLCPLD023-0001333,,,,,,,,,,Yes,,Yes
SYNLCPLD023-0001337,SYNLCPLD023-0001337,SYNLCPLD023-0001338,,,,,,,,,,,Yes,Yes
SYNLCPLD023-0001341,SYNLCPLD023-0001341,SYNLCPLD023-0001343,,,,,,,,,,,,Yes
SYNLCPLD023-0001345,SYNLCPLD023-0001345,SYNLCPLD023-0001345,Yes,,,,,,,,,,,
SYNLCPLD023-0001349,SYNLCPLD023-0001349,SYNLCPLD023-0001350,Yes,Yes,,,,,,,,,,
SYNLCPLD023-0001353,SYNLCPLD023-0001353,SYNLCPLD023-0001355,Yes,,Yes,,,,,,,,,
SYNLCPLD023-0001357,SYNLCPLD023-0001357,SYNLCPLD023-0001357,Yes,,,Yes,,,,,,,,
SYNLCPLD023-0001361,SYNLCPLD023-0001361,SYNLCPLD023-0001362,Yes,,,,Yes,,,,,,,
SYNLCPLD023-0001365,SYNLCPLD023-0001365,SYNLCPLD023-0001367,Yes,,,,,Yes,,,,,,
SYNLCPLD023-0001369,SYNLCPLD023-0001369,SYNLCPLD023-0001369,Yes,,,,,,Yes,,,,,
SYNLCPLD023-0001373,SYNLCPLD023-0001373,SYNLCPLD023-0001374,,Yes,,,,,,Yes,,,,
SYNLCPLD023-0001377,SYNLCPLD023-0001377,SYNLCPLD023-0001379,,Yes,,,,,,,Yes,,,
SYNLCPLD023-0001381,SYNLCPLD023-0001381,SYNLCPLD023-0001381,,Yes,,,,,,,,Yes,,
SYNLCPLD023-0001385,SYNLCPLD023-0001385,SYNLCPLD023-0001386,,Yes,,,,,,,,,Yes,
SYNLCPLD023-0001389,SYNLCPLD023-0001389,SYNLCPLD023-0001391,,Yes,,,,,,,,,,Yes
SYNLCPLD023-0001393,SYNLCPLD023-0001393,SYNLCPLD023-0001393,Yes,Yes,,,,,,,,,,
SYNLCPLD023-0001397,SYNLCPLD023-0001397,SYNLCPLD023-0001398,,Yes,,,,,,,,,,
SYNLCPLD023-0001401,SYNLCPLD023-0001401,SYNLCPLD023-0001403,,,Yes,,,,,,,,,
SYNLCPLD023-0001405,SYNLCPLD023-0001405,SYNLCPLD023-0001405,,,Yes,Yes,,,,,,,,
SYNLCPLD023-0001409,SYNLCPLD023-0001409,SYNLCPLD023-0001410,,,Yes,,Yes,,,,,,,
SYNLCPLD023-0001413,SYNLCPLD023-0001413,SYNLCPLD023-0001415,,,Yes,,,Yes,,,,,,
SYNLCPLD023-0001417,SYNLCPLD023-0001417,SYNLCPLD023-0001417,,,Yes,,,,Yes,,,,,
SYNLCPLD023-0001421,SYNLCPLD023-0001421,SYNLCPLD023-0001422,,,Yes,,,,,Yes,,,,
SYNLCPLD023-0001425,SYNLCPLD023-0001425,SYNLCPLD023-0001427,,,Yes,,,,,,Yes,,,
SYNLCPLD023-0001429,SYNLCPLD023-0001429,SYNLCPLD023-0001429,,,,Yes,,,,,,Yes,,
SYNLCPLD023-0001433,SYNLCPLD023-0001433,SYNLCPLD023-0001434,,,,Yes,,,,,,,Yes,
SYNLCPLD023-0001437,SYNLCPLD023-0001437,SYNLCPLD023-0001439,,,,Yes,,,,,,,,Yes
SYNLCPLD023-0001441,SYNLCPLD023-0001441,SYNLCPLD023-0001441,Yes,,,Yes,,,,,,,,
SYNLCPLD023-0001445,SYNLCPLD023-0001445,SYNLCPLD023-0001446,,Yes,,Yes,,,,,,,,
SYNLCPLD023-0001449,SYNLCPLD023-0001449,SYNLCPLD023-0001451,,,Yes,Yes,,,,,,,,
SYNLCPLD023-0001453,SYNLCPLD023-0001453,SYNLCPLD023-0001453,,,,Yes,,,,,,,,
SYNLCPLD023-0001457,SYNLCPLD023-0001457,SYNLCPLD023-0001458,,,,,Yes,,,,,,,
SYNLCPLD023-0001461,SYNLCPLD023-0001461,SYNLCPLD023-0001463,,,,,Yes,Yes,,,,,,
SYNLCPLD023-0001465,SYNLCPLD023-0001465,SYNLCPLD023-0001465,,,,,Yes,,Yes,,,,,
SYNLCPLD023-0001469,SYNLCPLD023-0001469,SYNLCPLD023-0001470,,,,,Yes,,,Yes,,,,
SYNLCPLD023-0001473,SYNLCPLD023-0001473,SYNLCPLD023-0001475,,,,,Yes,,,,Yes,,,
SYNLCPLD023-0001477,SYNLCPLD023-0001477,SYNLCPLD023-0001477,,,,,Yes,,,,,Yes,,
SYNLCPLD023-0001481,SYNLCPLD023-0001481,SYNLCPLD023-0001482,,,,,Yes,,,,,,Yes,
SYNLCPLD023-0001485,SYNLCPLD023-0001485,SYNLCPLD023-0001487,,,,,,Yes,,,,,,Yes
SYNLCPLD023-0001489,SYNLCPLD023-0001489,SYNLCPLD023-0001489,Yes,,,,,Yes,,,,,,
SYNLCPLD023-0001493,SYNLCPLD023-0001493,SYNLCPLD023-0001494,,Yes,,,,Yes,,,,,,
SYNLCPLD023-0001497,SYNLCPLD023-0001497,SYNLCPLD023-0001499,,,Yes,,,Yes,,,,,,
SYNLCPLD023-0001501,SYNLCPLD023-0001501,SYNLCPLD023-0001501,,,,Yes,,Yes,,,,,,
SYNLCPLD023-0001505,SYNLCPLD023-0001505,SYNLCPLD023-0001506,,,,,Yes,Yes,,,,,,
SYNLCPLD023-0001509,SYNLCPLD023-0001509,SYNLCPLD023-0001511,,,,,,Yes,,,,,,
SYNLCPLD023-0001513,SYNLCPLD023-0001513,SYNLCPLD023-0001513,,,,,,,Yes,,,,,
SYNLCPLD023-0001517,SYNLCPLD023-0001517,SYNLCPLD023-0001518,,,,,,,Yes,Yes,,,,
SYNLCPLD023-0001521,SYNLCPLD023-0001521,SYNLCPLD023-0001523,,,,,,,Yes,,Yes,,,
SYNLCPLD023-0001525,SYNLCPLD023-0001525,SYNLCPLD023-0001525,,,,,,,Yes,,,Yes,,
SYNLCPLD023-0001529,SYNLCPLD023-0001529,SYNLCPLD023-0001530,,,,,,,Yes,,,,Yes,
SYNLCPLD023-0001533,SYNLCPLD023-0001533,SYNLCPLD023-0001535,,,,,,,Yes,,,,,Yes
SYNLCPLD023-0001537,SYNLCPLD023-0001537,SYNLCPLD023-0001537,Yes,,,,,,Yes,,,,,
SYNLCPLD023-0001541,SYNLCPLD023-0001541,SYNLCPLD023-0001542,,Yes,,,,,,Yes,,,,
SYNLCPLD023-0001545,SYNLCPLD023-0001545,SYNLCPLD023-0001547,,,Yes,,,,,Yes,,,,
SYNLCPLD023-0001549,SYNLCPLD023-0001549,SYNLCPLD023-0001549,,,,Yes,,,,Yes,,,,
SYNLCPLD023-0001553,SYNLCPLD023-0001553,SYNLCPLD023-0001554,,,,,Yes,,,Yes,,,,
SYNLCPLD023-0001557,SYNLCPLD023-0001557,SYNLCPLD023-0001559,,,,,,Yes,,Yes,,,,
SYNLCPLD023-0001561,SYNLCPLD023-0001561,SYNLCPLD023-0001561,,,,,,,Yes,Yes,,,,
SYNLCPLD023-0001565,SYNLCPLD023-0001565,SYNLCPLD023-0001566,,,,,,,,Yes,,,,
SYNLCPLD023-0001569,SYNLCPLD023-0001569,SYNLCPLD023-0001571,,,,,,,,,Yes,,,
SYNLCPLD023-0001573,SYNLCPLD023-0001573,SYNLCPLD023-0001573,,,,,,,,,Yes,Yes,,
SYNLCPLD023-0001577,SYNLCPLD023-0001577,SYNLCPLD023-0001578,,,,,,,,,Yes,,Yes,
SYNLCPLD023-0001581,SYNLCPLD023-0001581,SYNLCPLD023-0001583,,,,,,,,,Yes,,,Yes
SYNLCPLD023-0001585,SYNLCPLD023-0001585,SYNLCPLD023-0001585,Yes,,,,,,,,Yes,,,
SYNLCPLD023-0001589,SYNLCPLD023-0001589,SYNLCPLD023-0001590,,Yes,,,,,,,Yes,,,
SYNLCPLD023-0001593,SYNLCPLD023-0001593,SYNLCPLD023-0001595,,,Yes,,,,,,Yes,,,
SYNLCPLD023-0001597,SYNLCPLD023-0001597,SYNLCPLD023-0001597,,,,Yes,,,,,,Yes,,
