Bates/Control #,End Bates/Control #,Author,Bcc,Cc,Date Sent,Date Received,From,Title,Subject,To,Filename,Privilege,Privilege Reason,Redactions
NOT-A-BATES,SYNLCPRV022-0000001,Synthetic Person 001,blind001@example.test,copy001@example.test,2025-01-01 09:30:00 -08:00,2025-01-01 09:31:00 -08:00,sender001@example.test,Synthetic title 00000,Synthetic subject 00000,recipient001@example.test,synthetic_document_00000.pdf,Yes,Synthetic attorney-client,Yes
SYNLCPRV022-0000006,SYNLCPRV022-0000005,Synthetic Person 002,blind002@example.test,copy002@example.test,2025-02-02 09:30:00 -08:00,2025-02-02 09:31:00 -08:00,sender002@example.test,Synthetic title 00001,Synthetic subject 00001,recipient002@example.test,synthetic_document_00001.pdf,No,Synthetic work product,
SYNLCPRV022-0000009,SYNMISMATCH9999999,Synthetic Person 003,blind003@example.test,copy003@example.test,2025-03-03 09:30:00 -08:00,2025-03-03 09:31:00 -08:00,sender003@example.test,Synthetic title 00002,Synthetic subject 00002,recipient003@example.test,synthetic_document_00002.pdf,Yes,Synthetic joint defense,
SYNLCPRV022-0000013,SYNLCPRV022-00000,Synthetic Person 004,blind004@example.test,copy004@example.test,2025-04-04 09:30:00 -08:00,2025-04-04 09:31:00 -08:00,sender004@example.test,Synthetic title 00003,Synthetic subject 00003,recipient004@example.test,synthetic_document_00003.pdf,No,Synthetic attorney-client,
SYNLCPRV022-0000017,SYNLCPRV022-99999999999999999999999999999999999999999999999999999999999999999999999999999999,Synthetic Person 005,blind005@example.test,copy005@example.test,2025-05-05 09:30:00 -08:00,2025-05-05 09:31:00 -08:00,sender005@example.test,Synthetic title 00004,Synthetic subject 00004,recipient005@example.test,synthetic_document_00004.pdf,Yes,Synthetic work product,Yes
NOT-A-BATES,SYNLCPRV022-0000023,Synthetic Person 006,blind006@example.test,copy006@example.test,2025-06-06 09:30:00 -08:00,2025-06-06 09:31:00 -08:00,sender006@example.test,Synthetic title 00005,Synthetic subject 00005,recipient006@example.test,synthetic_document_00005.pdf,No,Synthetic joint defense,
SYNLCPRV022-0000025,SYNLCPRV022-0000025,Synthetic Person 007,blind007@example.test,copy007@example.test,2025-07-07 09:30:00 -08:00,2025-07-07 09:31:00 -08:00,sender007@example.test,Synthetic title 00006,Synthetic subject 00006,recipient007@example.test,synthetic_document_00006.pdf,Yes,Synthetic attorney-client,
SYNLCPRV022-0000029,SYNMISMATCH9999999,Synthetic Person 008,blind008@example.test,copy008@example.test,2025-08-08 09:30:00 -08:00,2025-08-08 09:31:00 -08:00,sender008@example.test,Synthetic title 00007,Synthetic subject 00007,recipient008@example.test,synthetic_document_00007.pdf,No,Synthetic work product,
SYNLCPRV022-0000033,SYNLCPRV022-00000,Synthetic Person 009,blind009@example.test,copy009@example.test,2025-09-09 09:30:00 -08:00,2025-09-09 09:31:00 -08:00,sender009@example.test,Synthetic title 00008,Synthetic subject 00008,recipient009@example.test,synthetic_document_00008.pdf,Yes,Synthetic joint defense,Yes
SYNLCPRV022-0000037,SYNLCPRV022-99999999999999999999999999999999999999999999999999999999999999999999999999999999,Synthetic Person 010,blind010@example.test,copy010@example.test,2025-10-10 09:30:00 -08:00,2025-10-10 09:31:00 -08:00,sender010@example.test,Synthetic title 00009,Synthetic subject 00009,recipient010@example.test,synthetic_document_00009.pdf,No,Synthetic attorney-client,
NOT-A-BATES,SYNLCPRV022-0000042,Synthetic Person 011,blind011@example.test,copy011@example.test,2025-11-11 09:30:00 -08:00,2025-11-11 09:31:00 -08:00,sender011@example.test,Synthetic title 00010,Synthetic subject 00010,recipient011@example.test,synthetic_document_00010.pdf,Yes,Synthetic work product,
SYNLCPRV022-0000047,SYNLCPRV022-0000045,Synthetic Person 012,blind001@example.test,copy012@example.test,2025-12-12 09:30:00 -08:00,2025-12-12 09:31:00 -08:00,sender012@example.test,Synthetic title 00011,Synthetic subject 00011,recipient012@example.test,synthetic_document_00011.pdf,No,Synthetic joint defense,
SYNLCPRV022-0000049,SYNMISMATCH9999999,Synthetic Person 013,blind002@example.test,copy013@example.test,2025-01-13 09:30:00 -08:00,2025-01-13 09:31:00 -08:00,sender013@example.test,Synthetic title 00012,Synthetic subject 00012,recipient013@example.test,synthetic_document_00012.pdf,Yes,Synthetic attorney-client,Yes
SYNLCPRV022-0000053,SYNLCPRV022-00000,Synthetic Person 014,blind003@example.test,copy014@example.test,2025-02-14 09:30:00 -08:00,2025-02-14 09:31:00 -08:00,sender014@example.test,Synthetic title 00013,Synthetic subject 00013,recipient014@example.test,synthetic_document_00013.pdf,No,Synthetic work product,
SYNLCPRV022-0000057,SYNLCPRV022-99999999999999999999999999999999999999999999999999999999999999999999999999999999,Synthetic Person 015,blind004@example.test,copy015@example.test,2025-03-15 09:30:00 -08:00,2025-03-15 09:31:00 -08:00,sender015@example.test,Synthetic title 00014,Synthetic subject 00014,recipient015@example.test,synthetic_document_00014.pdf,Yes,Synthetic joint defense,
NOT-A-BATES,SYNLCPRV022-0000061,Synthetic Person 016,blind005@example.test,copy016@example.test,2025-04-16 09:30:00 -08:00,2025-04-16 09:31:00 -08:00,sender016@example.test,Synthetic title 00015,Synthetic subject 00015,recipient016@example.test,synthetic_document_00015.pdf,No,Synthetic attorney-client,
SYNLCPRV022-0000066,SYNLCPRV022-0000065,Synthetic Person 017,blind006@example.test,copy017@example.test,2025-05-17 09:30:00 -08:00,2025-05-17 09:31:00 -08:00,sender017@example.test,Synthetic title 00016,Synthetic subject 00016,recipient017@example.test,synthetic_document_00016.pdf,Yes,Synthetic work product,Yes
SYNLCPRV022-0000069,SYNMISMATCH9999999,Synthetic Person 018,blind007@example.test,copy018@example.test,2025-06-18 09:30:00 -08:00,2025-06-18 09:31:00 -08:00,sender018@example.test,Synthetic title 00017,Synthetic subject 00017,recipient018@example.test,synthetic_document_00017.pdf,No,Synthetic joint defense,
SYNLCPRV022-0000073,SYNLCPRV022-00000,Synthetic Person 019,blind008@example.test,copy019@example.test,2025-07-19 09:30:00 -08:00,2025-07-19 09:31:00 -08:00,sender019@example.test,Synthetic title 00018,Synthetic subject 00018,recipient019@example.test,synthetic_document_00018.pdf,Yes,Synthetic attorney-client,
SYNLCPRV022-0000077,SYNLCPRV022-99999999999999999999999999999999999999999999999999999999999999999999999999999999,Synthetic Person 020,blind009@example.test,copy001@example.test,2025-08-20 09:30:00 -08:00,2025-08-20 09:31:00 -08:00,sender020@example.test,Synthetic title 00019,Synthetic subject 00019,recipient020@example.test,synthetic_document_00019.pdf,No,Synthetic work product,
NOT-A-BATES,SYNLCPRV022-0000083,Synthetic Person 021,blind010@example.test,copy002@example.test,2025-09-21 09:30:00 -08:00,2025-09-21 09:31:00 -08:00,sender021@example.test,Synthetic title 00020,Synthetic subject 00020,recipient021@example.test,synthetic_document_00020.pdf,Yes,Synthetic joint defense,Yes
SYNLCPRV022-0000085,SYNLCPRV022-0000085,Synthetic Person 022,blind011@example.test,copy003@example.test,2025-10-22 09:30:00 -08:00,2025-10-22 09:31:00 -08:00,sender022@example.test,Synthetic title 00021,Synthetic subject 00021,recipient022@example.test,synthetic_document_00021.pdf,No,Synthetic attorney-client,
SYNLCPRV022-0000089,SYNMISMATCH9999999,Synthetic Person 023,blind001@example.test,copy004@example.test,2025-11-23 09:30:00 -08:00,2025-11-23 09:31:00 -08:00,sender023@example.test,Synthetic title 00022,Synthetic subject 00022,recipient023@example.test,synthetic_document_00022.pdf,Yes,Synthetic work product,
SYNLCPRV022-0000093,SYNLCPRV022-00000,Synthetic Person 024,blind002@example.test,copy005@example.test,2025-12-24 09:30:00 -08:00,2025-12-24 09:31:00 -08:00,sender024@example.test,Synthetic title 00023,Synthetic subject 00023,recipient024@example.test,synthetic_document_00023.pdf,No,Synthetic joint defense,
SYNLCPRV022-0000097,SYNLCPRV022-99999999999999999999999999999999999999999999999999999999999999999999999999999999,Synthetic Person 025,blind003@example.test,copy006@example.test,2025-01-25 09:30:00 -08:00,2025-01-25 09:31:00 -08:00,sender025@example.test,Synthetic title 00024,Synthetic subject 00024,recipient025@example.test,synthetic_document_00024.pdf,Yes,Synthetic attorney-client,Yes
NOT-A-BATES,SYNLCPRV022-0000102,Synthetic Person 026,blind004@example.test,copy007@example.test,2025-02-26 09:30:00 -08:00,2025-02-26 09:31:00 -08:00,sender026@example.test,Synthetic title 00025,Synthetic subject 00025,recipient026@example.test,synthetic_document_00025.pdf,No,Synthetic work product,
SYNLCPRV022-0000107,SYNLCPRV022-0000105,Synthetic Person 027,blind005@example.test,copy008@example.test,2025-03-27 09:30:00 -08:00,2025-03-27 09:31:00 -08:00,sender027@example.test,Synthetic title 00026,Synthetic subject 00026,recipient027@example.test,synthetic_document_00026.pdf,Yes,Synthetic joint defense,
SYNLCPRV022-0000109,SYNMISMATCH9999999,Synthetic Person 028,blind006@example.test,copy009@example.test,2025-04-28 09:30:00 -08:00,2025-04-28 09:31:00 -08:00,sender028@example.test,Synthetic title 00027,Synthetic subject 00027,recipient028@example.test,synthetic_document_00027.pdf,No,Synthetic attorney-client,
SYNLCPRV022-0000113,SYNLCPRV022-00001,Synthetic Person 029,blind007@example.test,copy010@example.test,2025-05-01 09:30:00 -08:00,2025-05-01 09:31:00 -08:00,sender029@example.test,Synthetic title 00028,Synthetic subject 00028,recipient029@example.test,synthetic_document_00028.pdf,Yes,Synthetic work product,Yes
SYNLCPRV022-0000117,SYNLCPRV022-99999999999999999999999999999999999999999999999999999999999999999999999999999999,Synthetic Person 030,blind008@example.test,copy011@example.test,2025-06-02 09:30:00 -08:00,2025-06-02 09:31:00 -08:00,sender030@example.test,Synthetic title 00029,Synthetic subject 00029,recipient030@example.test,synthetic_document_00029.pdf,No,Synthetic joint defense,
NOT-A-BATES,SYNLCPRV022-0000121,Synthetic Person 031,blind009@example.test,copy012@example.test,2025-07-03 09:30:00 -08:00,2025-07-03 09:31:00 -08:00,sender031@example.test,Synthetic title 00030,Synthetic subject 00030,recipient031@example.test,synthetic_document_00030.pdf,Yes,Synthetic attorney-client,
SYNLCPRV022-0000126,SYNLCPRV022-0000125,Synthetic Person 032,blind010@example.test,copy013@example.test,2025-08-04 09:30:00 -08:00,2025-08-04 09:31:00 -08:00,sender001@example.test,Synthetic title 00031,Synthetic subject 00031,recipient032@example.test,synthetic_document_00031.pdf,No,Synthetic work product,
SYNLCPRV022-0000129,SYNMISMATCH9999999,Synthetic Person 033,blind011@example.test,copy014@example.test,2025-09-05 09:30:00 -08:00,2025-09-05 09:31:00 -08:00,sender002@example.test,Synthetic title 00032,Synthetic subject 00032,recipient033@example.test,synthetic_document_00032.pdf,Yes,Synthetic joint defense,Yes
SYNLCPRV022-0000133,SYNLCPRV022-00001,Synthetic Person 034,blind001@example.test,copy015@example.test,2025-10-06 09:30:00 -08:00,2025-10-06 09:31:00 -08:00,sender003@example.test,Synthetic title 00033,Synthetic subject 00033,recipient034@example.test,synthetic_document_00033.pdf,No,Synthetic attorney-client,
SYNLCPRV022-0000137,SYNLCPRV022-99999999999999999999999999999999999999999999999999999999999999999999999999999999,Synthetic Person 035,blind002@example.test,copy016@example.test,2025-11-07 09:30:00 -08:00,2025-11-07 09:31:00 -08:00,sender004@example.test,Synthetic title 00034,Synthetic subject 00034,recipient035@example.test,synthetic_document_00034.pdf,Yes,Synthetic work product,
NOT-A-BATES,SYNLCPRV022-0000143,Synthetic Person 036,blind003@example.test,copy017@example.test,2025-12-08 09:30:00 -08:00,2025-12-08 09:31:00 -08:00,sender005@example.test,Synthetic title 00035,Synthetic subject 00035,recipient036@example.test,synthetic_document_00035.pdf,No,Synthetic joint defense,
SYNLCPRV022-0000145,SYNLCPRV022-0000145,Synthetic Person 037,blind004@example.test,copy018@example.test,2025-01-09 09:30:00 -08:00,2025-01-09 09:31:00 -08:00,sender006@example.test,Synthetic title 00036,Synthetic subject 00036,recipient037@example.test,synthetic_document_00036.pdf,Yes,Synthetic attorney-client,Yes
SYNLCPRV022-0000149,SYNMISMATCH9999999,Synthetic Person 001,blind005@example.test,copy019@example.test,2025-02-10 09:30:00 -08:00,2025-02-10 09:31:00 -08:00,sender007@example.test,Synthetic title 00037,Synthetic subject 00037,recipient038@example.test,synthetic_document_00037.pdf,No,Synthetic work product,
SYNLCPRV022-0000153,SYNLCPRV022-00001,Synthetic Person 002,blind006@example.test,copy001@example.test,2025-03-11 09:30:00 -08:00,2025-03-11 09:31:00 -08:00,sender008@example.test,Synthetic title 00038,Synthetic subject 00038,recipient039@example.test,synthetic_document_00038.pdf,Yes,Synthetic joint defense,
SYNLCPRV022-0000157,SYNLCPRV022-99999999999999999999999999999999999999999999999999999999999999999999999999999999,Synthetic Person 003,blind007@example.test,copy002@example.test,2025-04-12 09:30:00 -08:00,2025-04-12 09:31:00 -08:00,sender009@example.test,Synthetic title 00039,Synthetic subject 00039,recipient040@example.test,synthetic_document_00039.pdf,No,Synthetic attorney-client,
NOT-A-BATES,SYNLCPRV022-0000162,Synthetic Person 004,blind008@example.test,copy003@example.test,2025-05-13 09:30:00 -08:00,2025-05-13 09:31:00 -08:00,sender010@example.test,Synthetic title 00040,Synthetic subject 00040,recipient041@example.test,synthetic_document_00040.pdf,Yes,Synthetic work product,Yes
SYNLCPRV022-0000167,SYNLCPRV022-0000165,Synthetic Person 005,blind009@example.test,copy004@example.test,2025-06-14 09:30:00 -08:00,2025-06-14 09:31:00 -08:00,sender011@example.test,Synthetic title 00041,Synthetic subject 00041,recipient042@example.test,synthetic_document_00041.pdf,No,Synthetic joint defense,
SYNLCPRV022-0000169,SYNMISMATCH9999999,Synthetic Person 006,blind010@example.test,copy005@example.test,2025-07-15 09:30:00 -08:00,2025-07-15 09:31:00 -08:00,sender012@example.test,Synthetic title 00042,Synthetic subject 00042,recipient043@example.test,synthetic_document_00042.pdf,Yes,Synthetic attorney-client,
SYNLCPRV022-0000173,SYNLCPRV022-00001,Synthetic Person 007,blind011@example.test,copy006@example.test,2025-08-16 09:30:00 -08:00,2025-08-16 09:31:00 -08:00,sender013@example.test,Synthetic title 00043,Synthetic subject 00043,recipient001@example.test,synthetic_document_00043.pdf,No,Synthetic work product,
SYNLCPRV022-0000177,SYNLCPRV022-99999999999999999999999999999999999999999999999999999999999999999999999999999999,Synthetic Person 008,blind001@example.test,copy007@example.test,2025-09-17 09:30:00 -08:00,2025-09-17 09:31:00 -08:00,sender014@example.test,Synthetic title 00044,Synthetic subject 00044,recipient002@example.test,synthetic_document_00044.pdf,Yes,Synthetic joint defense,Yes
NOT-A-BATES,SYNLCPRV022-0000181,Synthetic Person 009,blind002@example.test,copy008@example.test,2025-10-18 09:30:00 -08:00,2025-10-18 09:31:00 -08:00,sender015@example.test,Synthetic title 00045,Synthetic subject 00045,recipient003@example.test,synthetic_document_00045.pdf,No,Synthetic attorney-client,
SYNLCPRV022-0000186,SYNLCPRV022-0000185,Synthetic Person 010,blind003@example.test,copy009@example.test,2025-11-19 09:30:00 -08:00,2025-11-19 09:31:00 -08:00,sender016@example.test,Synthetic title 00046,Synthetic subject 00046,recipient004@example.test,synthetic_document_00046.pdf,Yes,Synthetic work product,
SYNLCPRV022-0000189,SYNMISMATCH9999999,Synthetic Person 011,blind004@example.test,copy010@example.test,2025-12-20 09:30:00 -08:00,2025-12-20 09:31:00 -08:00,sender017@example.test,Synthetic title 00047,Synthetic subject 00047,recipient005@example.test,synthetic_document_00047.pdf,No,Synthetic joint defense,
SYNLCPRV022-0000193,SYNLCPRV022-00001,Synthetic Person 012,blind005@example.test,copy011@example.test,2025-01-21 09:30:00 -08:00,2025-01-21 09:31:00 -08:00,sender018@example.test,Synthetic title 00048,Synthetic subject 00048,recipient006@example.test,synthetic_document_00048.pdf,Yes,Synthetic attorney-client,Yes
SYNLCPRV022-0000197,SYNLCPRV022-99999999999999999999999999999999999999999999999999999999999999999999999999999999,Synthetic Person 013,blind006@example.test,copy012@example.test,2025-02-22 09:30:00 -08:00,2025-02-22 09:31:00 -08:00,sender019@example.test,Synthetic title 00049,Synthetic subject 00049,recipient007@example.test,synthetic_document_00049.pdf,No,Synthetic work product,
NOT-A-BATES,SYNLCPRV022-0000203,Synthetic Person 014,blind007@example.test,copy013@example.test,2025-03-23 09:30:00 -08:00,2025-03-23 09:31:00 -08:00,sender020@example.test,Synthetic title 00050,Synthetic subject 00050,recipient008@example.test,synthetic_document_00050.pdf,Yes,Synthetic joint defense,
SYNLCPRV022-0000205,SYNLCPRV022-0000205,Synthetic Person 015,blind008@example.test,copy014@example.test,2025-04-24 09:30:00 -08:00,2025-04-24 09:31:00 -08:00,sender021@example.test,Synthetic title 00051,Synthetic subject 00051,recipient009@example.test,synthetic_document_00051.pdf,No,Synthetic attorney-client,
SYNLCPRV022-0000209,SYNMISMATCH9999999,Synthetic Person 016,blind009@example.test,copy015@example.test,2025-05-25 09:30:00 -08:00,2025-05-25 09:31:00 -08:00,sender022@example.test,Synthetic title 00052,Synthetic subject 00052,recipient010@example.test,synthetic_document_00052.pdf,Yes,Synthetic work product,Yes
SYNLCPRV022-0000213,SYNLCPRV022-00002,Synthetic Person 017,blind010@example.test,copy016@example.test,2025-06-26 09:30:00 -08:00,2025-06-26 09:31:00 -08:00,sender023@example.test,Synthetic title 00053,Synthetic subject 00053,recipient011@example.test,synthetic_document_00053.pdf,No,Synthetic joint defense,
SYNLCPRV022-0000217,SYNLCPRV022-99999999999999999999999999999999999999999999999999999999999999999999999999999999,Synthetic Person 018,blind011@example.test,copy017@example.test,2025-07-27 09:30:00 -08:00,2025-07-27 09:31:00 -08:00,sender024@example.test,Synthetic title 00054,Synthetic subject 00054,recipient012@example.test,synthetic_document_00054.pdf,Yes,Synthetic attorney-client,
NOT-A-BATES,SYNLCPRV022-0000222,Synthetic Person 019,blind001@example.test,copy018@example.test,2025-08-28 09:30:00 -08:00,2025-08-28 09:31:00 -08:00,sender025@example.test,Synthetic title 00055,Synthetic subject 00055,recipient013@example.test,synthetic_document_00055.pdf,No,Synthetic work product,
SYNLCPRV022-0000227,SYNLCPRV022-0000225,Synthetic Person 020,blind002@example.test,copy019@example.test,2025-09-01 09:30:00 -08:00,2025-09-01 09:31:00 -08:00,sender026@example.test,Synthetic title 00056,Synthetic subject 00056,recipient014@example.test,synthetic_document_00056.pdf,Yes,Synthetic joint defense,Yes
SYNLCPRV022-0000229,SYNMISMATCH9999999,Synthetic Person 021,blind003@example.test,copy001@example.test,2025-10-02 09:30:00 -08:00,2025-10-02 09:31:00 -08:00,sender027@example.test,Synthetic title 00057,Synthetic subject 00057,recipient015@example.test,synthetic_document_00057.pdf,No,Synthetic attorney-client,
SYNLCPRV022-0000233,SYNLCPRV022-00002,Synthetic Person 022,blind004@example.test,copy002@example.test,2025-11-03 09:30:00 -08:00,2025-11-03 09:31:00 -08:00,sender028@example.test,Synthetic title 00058,Synthetic subject 00058,recipient016@example.test,synthetic_document_00058.pdf,Yes,Synthetic work product,
SYNLCPRV022-0000237,SYNLCPRV022-99999999999999999999999999999999999999999999999999999999999999999999999999999999,Synthetic Person 023,blind005@example.test,copy003@example.test,2025-12-04 09:30:00 -08:00,2025-12-04 09:31:00 -08:00,sender029@example.test,Synthetic title 00059,Synthetic subject 00059,recipient017@example.test,synthetic_document_00059.pdf,No,Synthetic joint defense,
NOT-A-BATES,SYNLCPRV022-0000241,Synthetic Person 024,blind006@example.test,copy004@example.test,2025-01-05 09:30:00 -08:00,2025-01-05 09:31:00 -08:00,sender030@example.test,Synthetic title 00060,Synthetic subject 00060,recipient018@example.test,synthetic_document_00060.pdf,Yes,Synthetic attorney-client,Yes
SYNLCPRV022-0000246,SYNLCPRV022-0000245,Synthetic Person 025,blind007@example.test,copy005@example.test,2025-02-06 09:30:00 -08:00,2025-02-06 09:31:00 -08:00,sender031@example.test,Synthetic title 00061,Synthetic subject 00061,recipient019@example.test,synthetic_document_00061.pdf,No,Synthetic work product,
SYNLCPRV022-0000249,SYNMISMATCH9999999,Synthetic Person 026,blind008@example.test,copy006@example.test,2025-03-07 09:30:00 -08:00,2025-03-07 09:31:00 -08:00,sender001@example.test,Synthetic title 00062,Synthetic subject 00062,recipient020@example.test,synthetic_document_00062.pdf,Yes,Synthetic joint defense,
SYNLCPRV022-0000253,SYNLCPRV022-00002,Synthetic Person 027,blind009@example.test,copy007@example.test,2025-04-08 09:30:00 -08:00,2025-04-08 09:31:00 -08:00,sender002@example.test,Synthetic title 00063,Synthetic subject 00063,recipient021@example.test,synthetic_document_00063.pdf,No,Synthetic attorney-client,
SYNLCPRV022-0000257,SYNLCPRV022-99999999999999999999999999999999999999999999999999999999999999999999999999999999,Synthetic Person 028,blind010@example.test,copy008@example.test,2025-05-09 09:30:00 -08:00,2025-05-09 09:31:00 -08:00,sender003@example.test,Synthetic title 00064,Synthetic subject 00064,recipient022@example.test,synthetic_document_00064.pdf,Yes,Synthetic work product,Yes
NOT-A-BATES,SYNLCPRV022-0000263,Synthetic Person 029,blind011@example.test,copy009@example.test,2025-06-10 09:30:00 -08:00,2025-06-10 09:31:00 -08:00,sender004@example.test,Synthetic title 00065,Synthetic subject 00065,recipient023@example.test,synthetic_document_00065.pdf,No,Synthetic joint defense,
SYNLCPRV022-0000265,SYNLCPRV022-0000265,Synthetic Person 030,blind001@example.test,copy010@example.test,2025-07-11 09:30:00 -08:00,2025-07-11 09:31:00 -08:00,sender005@example.test,Synthetic title 00066,Synthetic subject 00066,recipient024@example.test,synthetic_document_00066.pdf,Yes,Synthetic attorney-client,
SYNLCPRV022-0000269,SYNMISMATCH9999999,Synthetic Person 031,blind002@example.test,copy011@example.test,2025-08-12 09:30:00 -08:00,2025-08-12 09:31:00 -08:00,sender006@example.test,Synthetic title 00067,Synthetic subject 00067,recipient025@example.test,synthetic_document_00067.pdf,No,Synthetic work product,
SYNLCPRV022-0000273,SYNLCPRV022-00002,Synthetic Person 032,blind003@example.test,copy012@example.test,2025-09-13 09:30:00 -08:00,2025-09-13 09:31:00 -08:00,sender007@example.test,Synthetic title 00068,Synthetic subject 00068,recipient026@example.test,synthetic_document_00068.pdf,Yes,Synthetic joint defense,Yes
SYNLCPRV022-0000277,SYNLCPRV022-99999999999999999999999999999999999999999999999999999999999999999999999999999999,Synthetic Person 033,blind004@example.test,copy013@example.test,2025-10-14 09:30:00 -08:00,2025-10-14 09:31:00 -08:00,sender008@example.test,Synthetic title 00069,Synthetic subject 00069,recipient027@example.test,synthetic_document_00069.pdf,No,Synthetic attorney-client,
NOT-A-BATES,SYNLCPRV022-0000282,Synthetic Person 034,blind005@example.test,copy014@example.test,2025-11-15 09:30:00 -08:00,2025-11-15 09:31:00 -08:00,sender009@example.test,Synthetic title 00070,Synthetic subject 00070,recipient028@example.test,synthetic_document_00070.pdf,Yes,Synthetic work product,
SYNLCPRV022-0000287,SYNLCPRV022-0000285,Synthetic Person 035,blind006@example.test,copy015@example.test,2025-12-16 09:30:00 -08:00,2025-12-16 09:31:00 -08:00,sender010@example.test,Synthetic title 00071,Synthetic subject 00071,recipient029@example.test,synthetic_document_00071.pdf,No,Synthetic joint defense,
SYNLCPRV022-0000289,SYNMISMATCH9999999,Synthetic Person 036,blind007@example.test,copy016@example.test,2025-01-17 09:30:00 -08:00,2025-01-17 09:31:00 -08:00,sender011@example.test,Synthetic title 00072,Synthetic subject 00072,recipient030@example.test,synthetic_document_00072.pdf,Yes,Synthetic attorney-client,Yes
SYNLCPRV022-0000293,SYNLCPRV022-00002,Synthetic Person 037,blind008@example.test,copy017@example.test,2025-02-18 09:30:00 -08:00,2025-02-18 09:31:00 -08:00,sender012@example.test,Synthetic title 00073,Synthetic subject 00073,recipient031@example.test,synthetic_document_00073.pdf,No,Synthetic work product,
SYNLCPRV022-0000297,SYNLCPRV022-99999999999999999999999999999999999999999999999999999999999999999999999999999999,Synthetic Person 001,blind009@example.test,copy018@example.test,2025-03-19 09:30:00 -08:00,2025-03-19 09:31:00 -08:00,sender013@example.test,Synthetic title 00074,Synthetic subject 00074,recipient032@example.test,synthetic_document_00074.pdf,Yes,Synthetic joint defense,
NOT-A-BATES,SYNLCPRV022-0000301,Synthetic Person 002,blind010@example.test,copy019@example.test,2025-04-20 09:30:00 -08:00,2025-04-20 09:31:00 -08:00,sender014@example.test,Synthetic title 00075,Synthetic subject 00075,recipient033@example.test,synthetic_document_00075.pdf,No,Synthetic attorney-client,
SYNLCPRV022-0000306,SYNLCPRV022-0000305,Synthetic Person 003,blind011@example.test,copy001@example.test,2025-05-21 09:30:00 -08:00,2025-05-21 09:31:00 -08:00,sender015@example.test,Synthetic title 00076,Synthetic subject 00076,recipient034@example.test,synthetic_document_00076.pdf,Yes,Synthetic work product,Yes
SYNLCPRV022-0000309,SYNMISMATCH9999999,Synthetic Person 004,blind001@example.test,copy002@example.test,2025-06-22 09:30:00 -08:00,2025-06-22 09:31:00 -08:00,sender016@example.test,Synthetic title 00077,Synthetic subject 00077,recipient035@example.test,synthetic_document_00077.pdf,No,Synthetic joint defense,
SYNLCPRV022-0000313,SYNLCPRV022-00003,Synthetic Person 005,blind002@example.test,copy003@example.test,2025-07-23 09:30:00 -08:00,2025-07-23 09:31:00 -08:00,sender017@example.test,Synthetic title 00078,Synthetic subject 00078,recipient036@example.test,synthetic_document_00078.pdf,Yes,Synthetic attorney-client,
SYNLCPRV022-0000317,SYNLCPRV022-99999999999999999999999999999999999999999999999999999999999999999999999999999999,Synthetic Person 006,blind003@example.test,copy004@example.test,2025-08-24 09:30:00 -08:00,2025-08-24 09:31:00 -08:00,sender018@example.test,Synthetic title 00079,Synthetic subject 00079,recipient037@example.test,synthetic_document_00079.pdf,No,Synthetic work product,
NOT-A-BATES,SYNLCPRV022-0000323,Synthetic Person 007,blind004@example.test,copy005@example.test,2025-09-25 09:30:00 -08:00,2025-09-25 09:31:00 -08:00,sender019@example.test,Synthetic title 00080,Synthetic subject 00080,recipient038@example.test,synthetic_document_00080.pdf,Yes,Synthetic joint defense,Yes
SYNLCPRV022-0000325,SYNLCPRV022-0000325,Synthetic Person 008,blind005@example.test,copy006@example.test,2025-10-26 09:30:00 -08:00,2025-10-26 09:31:00 -08:00,sender020@example.test,Synthetic title 00081,Synthetic subject 00081,recipient039@example.test,synthetic_document_00081.pdf,No,Synthetic attorney-client,
SYNLCPRV022-0000329,SYNMISMATCH9999999,Synthetic Person 009,blind006@example.test,copy007@example.test,2025-11-27 09:30:00 -08:00,2025-11-27 09:31:00 -08:00,sender021@example.test,Synthetic title 00082,Synthetic subject 00082,recipient040@example.test,synthetic_document_00082.pdf,Yes,Synthetic work product,
SYNLCPRV022-0000333,SYNLCPRV022-00003,Synthetic Person 010,blind007@example.test,copy008@example.test,2025-12-28 09:30:00 -08:00,2025-12-28 09:31:00 -08:00,sender022@example.test,Synthetic title 00083,Synthetic subject 00083,recipient041@example.test,synthetic_document_00083.pdf,No,Synthetic joint defense,
SYNLCPRV022-0000337,SYNLCPRV022-99999999999999999999999999999999999999999999999999999999999999999999999999999999,Synthetic Person 011,blind008@example.test,copy009@example.test,2025-01-01 09:30:00 -08:00,2025-01-01 09:31:00 -08:00,sender023@example.test,Synthetic title 00084,Synthetic subject 00084,recipient042@example.test,synthetic_document_00084.pdf,Yes,Synthetic attorney-client,Yes
NOT-A-BATES,SYNLCPRV022-0000342,Synthetic Person 012,blind009@example.test,copy010@example.test,2025-02-02 09:30:00 -08:00,2025-02-02 09:31:00 -08:00,sender024@example.test,Synthetic title 00085,Synthetic subject 00085,recipient043@example.test,synthetic_document_00085.pdf,No,Synthetic work product,
SYNLCPRV022-0000347,SYNLCPRV022-0000345,Synthetic Person 013,blind010@example.test,copy011@example.test,2025-03-03 09:30:00 -08:00,2025-03-03 09:31:00 -08:00,sender025@example.test,Synthetic title 00086,Synthetic subject 00086,recipient001@example.test,synthetic_document_00086.pdf,Yes,Synthetic joint defense,
SYNLCPRV022-0000349,SYNMISMATCH9999999,Synthetic Person 014,blind011@example.test,copy012@example.test,2025-04-04 09:30:00 -08:00,2025-04-04 09:31:00 -08:00,sender026@example.test,Synthetic title 00087,Synthetic subject 00087,recipient002@example.test,synthetic_document_00087.pdf,No,Synthetic attorney-client,
SYNLCPRV022-0000353,SYNLCPRV022-00003,Synthetic Person 015,blind001@example.test,copy013@example.test,2025-05-05 09:30:00 -08:00,2025-05-05 09:31:00 -08:00,sender027@example.test,Synthetic title 00088,Synthetic subject 00088,recipient003@example.test,synthetic_document_00088.pdf,Yes,Synthetic work product,Yes
SYNLCPRV022-0000357,SYNLCPRV022-99999999999999999999999999999999999999999999999999999999999999999999999999999999,Synthetic Person 016,blind002@example.test,copy014@example.test,2025-06-06 09:30:00 -08:00,2025-06-06 09:31:00 -08:00,sender028@example.test,Synthetic title 00089,Synthetic subject 00089,recipient004@example.test,synthetic_document_00089.pdf,No,Synthetic joint defense,
NOT-A-BATES,SYNLCPRV022-0000361,Synthetic Person 017,blind003@example.test,copy015@example.test,2025-07-07 09:30:00 -08:00,2025-07-07 09:31:00 -08:00,sender029@example.test,Synthetic title 00090,Synthetic subject 00090,recipient005@example.test,synthetic_document_00090.pdf,Yes,Synthetic attorney-client,
SYNLCPRV022-0000366,SYNLCPRV022-0000365,Synthetic Person 018,blind004@example.test,copy016@example.test,2025-08-08 09:30:00 -08:00,2025-08-08 09:31:00 -08:00,sender030@example.test,Synthetic title 00091,Synthetic subject 00091,recipient006@example.test,synthetic_document_00091.pdf,No,Synthetic work product,
SYNLCPRV022-0000369,SYNMISMATCH9999999,Synthetic Person 019,blind005@example.test,copy017@example.test,2025-09-09 09:30:00 -08:00,2025-09-09 09:31:00 -08:00,sender031@example.test,Synthetic title 00092,Synthetic subject 00092,recipient007@example.test,synthetic_document_00092.pdf,Yes,Synthetic joint defense,Yes
SYNLCPRV022-0000373,SYNLCPRV022-00003,Synthetic Person 020,blind006@example.test,copy018@example.test,2025-10-10 09:30:00 -08:00,2025-10-10 09:31:00 -08:00,sender001@example.test,Synthetic title 00093,Synthetic subject 00093,recipient008@example.test,synthetic_document_00093.pdf,No,Synthetic attorney-client,
SYNLCPRV022-0000377,SYNLCPRV022-99999999999999999999999999999999999999999999999999999999999999999999999999999999,Synthetic Person 021,blind007@example.test,copy019@example.test,2025-11-11 09:30:00 -08:00,2025-11-11 09:31:00 -08:00,sender002@example.test,Synthetic title 00094,Synthetic subject 00094,recipient009@example.test,synthetic_document_00094.pdf,Yes,Synthetic work product,
NOT-A-BATES,SYNLCPRV022-0000383,Synthetic Person 022,blind008@example.test,copy001@example.test,2025-12-12 09:30:00 -08:00,2025-12-12 09:31:00 -08:00,sender003@example.test,Synthetic title 00095,Synthetic subject 00095,recipient010@example.test,synthetic_document_00095.pdf,No,Synthetic joint defense,
SYNLCPRV022-0000385,SYNLCPRV022-0000385,Synthetic Person 023,blind009@example.test,copy002@example.test,2025-01-13 09:30:00 -08:00,2025-01-13 09:31:00 -08:00,sender004@example.test,Synthetic title 00096,Synthetic subject 00096,recipient011@example.test,synthetic_document_00096.pdf,Yes,Synthetic attorney-client,Yes
SYNLCPRV022-0000389,SYNMISMATCH9999999,Synthetic Person 024,blind010@example.test,copy003@example.test,2025-02-14 09:30:00 -08:00,2025-02-14 09:31:00 -08:00,sender005@example.test,Synthetic title 00097,Synthetic subject 00097,recipient012@example.test,synthetic_document_00097.pdf,No,Synthetic work product,
SYNLCPRV022-0000393,SYNLCPRV022-00003,Synthetic Person 025,blind011@example.test,copy004@example.test,2025-03-15 09:30:00 -08:00,2025-03-15 09:31:00 -08:00,sender006@example.test,Synthetic title 00098,Synthetic subject 00098,recipient013@example.test,synthetic_document_00098.pdf,Yes,Synthetic joint defense,
SYNLCPRV022-0000397,SYNLCPRV022-99999999999999999999999999999999999999999999999999999999999999999999999999999999,Synthetic Person 026,blind001@example.test,copy005@example.test,2025-04-16 09:30:00 -08:00,2025-04-16 09:31:00 -08:00,sender007@example.test,Synthetic title 00099,Synthetic subject 00099,recipient014@example.test,synthetic_document_00099.pdf,No,Synthetic attorney-client,
NOT-A-BATES,SYNLCPRV022-0000402,Synthetic Person 027,blind002@example.test,copy006@example.test,2025-05-17 09:30:00 -08:00,2025-05-17 09:31:00 -08:00,sender008@example.test,Synthetic title 00100,Synthetic subject 00100,recipient015@example.test,synthetic_document_00100.pdf,Yes,Synthetic work product,Yes
SYNLCPRV022-0000407,SYNLCPRV022-0000405,Synthetic Person 028,blind003@example.test,copy007@example.test,2025-06-18 09:30:00 -08:00,2025-06-18 09:31:00 -08:00,sender009@example.test,Synthetic title 00101,Synthetic subject 00101,recipient016@example.test,synthetic_document_00101.pdf,No,Synthetic joint defense,
SYNLCPRV022-0000409,SYNMISMATCH9999999,Synthetic Person 029,blind004@example.test,copy008@example.test,2025-07-19 09:30:00 -08:00,2025-07-19 09:31:00 -08:00,sender010@example.test,Synthetic title 00102,Synthetic subject 00102,recipient017@example.test,synthetic_document_00102.pdf,Yes,Synthetic attorney-client,
SYNLCPRV022-0000413,SYNLCPRV022-00004,Synthetic Person 030,blind005@example.test,copy009@example.test,2025-08-20 09:30:00 -08:00,2025-08-20 09:31:00 -08:00,sender011@example.test,Synthetic title 00103,Synthetic subject 00103,recipient018@example.test,synthetic_document_00103.pdf,No,Synthetic work product,
SYNLCPRV022-0000417,SYNLCPRV022-99999999999999999999999999999999999999999999999999999999999999999999999999999999,Synthetic Person 031,blind006@example.test,copy010@example.test,2025-09-21 09:30:00 -08:00,2025-09-21 09:31:00 -08:00,sender012@example.test,Synthetic title 00104,Synthetic subject 00104,recipient019@example.test,synthetic_document_00104.pdf,Yes,Synthetic joint defense,Yes
NOT-A-BATES,SYNLCPRV022-0000421,Synthetic Person 032,blind007@example.test,copy011@example.test,2025-10-22 09:30:00 -08:00,2025-10-22 09:31:00 -08:00,sender013@example.test,Synthetic title 00105,Synthetic subject 00105,recipient020@example.test,synthetic_document_00105.pdf,No,Synthetic attorney-client,
SYNLCPRV022-0000426,SYNLCPRV022-0000425,Synthetic Person 033,blind008@example.test,copy012@example.test,2025-11-23 09:30:00 -08:00,2025-11-23 09:31:00 -08:00,sender014@example.test,Synthetic title 00106,Synthetic subject 00106,recipient021@example.test,synthetic_document_00106.pdf,Yes,Synthetic work product,
SYNLCPRV022-0000429,SYNMISMATCH9999999,Synthetic Person 034,blind009@example.test,copy013@example.test,2025-12-24 09:30:00 -08:00,2025-12-24 09:31:00 -08:00,sender015@example.test,Synthetic title 00107,Synthetic subject 00107,recipient022@example.test,synthetic_document_00107.pdf,No,Synthetic joint defense,
SYNLCPRV022-0000433,SYNLCPRV022-00004,Synthetic Person 035,blind010@example.test,copy014@example.test,2025-01-25 09:30:00 -08:00,2025-01-25 09:31:00 -08:00,sender016@example.test,Synthetic title 00108,Synthetic subject 00108,recipient023@example.test,synthetic_document_00108.pdf,Yes,Synthetic attorney-client,Yes
SYNLCPRV022-0000437,SYNLCPRV022-99999999999999999999999999999999999999999999999999999999999999999999999999999999,Synthetic Person 036,blind011@example.test,copy015@example.test,2025-02-26 09:30:00 -08:00,2025-02-26 09:31:00 -08:00,sender017@example.test,Synthetic title 00109,Synthetic subject 00109,recipient024@example.test,synthetic_document_00109.pdf,No,Synthetic work product,
NOT-A-BATES,SYNLCPRV022-0000443,Synthetic Person 037,blind001@example.test,copy016@example.test,2025-03-27 09:30:00 -08:00,2025-03-27 09:31:00 -08:00,sender018@example.test,Synthetic title 00110,Synthetic subject 00110,recipient025@example.test,synthetic_document_00110.pdf,Yes,Synthetic joint defense,
SYNLCPRV022-0000445,SYNLCPRV022-0000445,Synthetic Person 001,blind002@example.test,copy017@example.test,2025-04-28 09:30:00 -08:00,2025-04-28 09:31:00 -08:00,sender019@example.test,Synthetic title 00111,Synthetic subject 00111,recipient026@example.test,synthetic_document_00111.pdf,No,Synthetic attorney-client,
SYNLCPRV022-0000449,SYNMISMATCH9999999,Synthetic Person 002,blind003@example.test,copy018@example.test,2025-05-01 09:30:00 -08:00,2025-05-01 09:31:00 -08:00,sender020@example.test,Synthetic title 00112,Synthetic subject 00112,recipient027@example.test,synthetic_document_00112.pdf,Yes,Synthetic work product,Yes
SYNLCPRV022-0000453,SYNLCPRV022-00004,Synthetic Person 003,blind004@example.test,copy019@example.test,2025-06-02 09:30:00 -08:00,2025-06-02 09:31:00 -08:00,sender021@example.test,Synthetic title 00113,Synthetic subject 00113,recipient028@example.test,synthetic_document_00113.pdf,No,Synthetic joint defense,
SYNLCPRV022-0000457,SYNLCPRV022-99999999999999999999999999999999999999999999999999999999999999999999999999999999,Synthetic Person 004,blind005@example.test,copy001@example.test,2025-07-03 09:30:00 -08:00,2025-07-03 09:31:00 -08:00,sender022@example.test,Synthetic title 00114,Synthetic subject 00114,recipient029@example.test,synthetic_document_00114.pdf,Yes,Synthetic attorney-client,
NOT-A-BATES,SYNLCPRV022-0000462,Synthetic Person 005,blind006@example.test,copy002@example.test,2025-08-04 09:30:00 -08:00,2025-08-04 09:31:00 -08:00,sender023@example.test,Synthetic title 00115,Synthetic subject 00115,recipient030@example.test,synthetic_document_00115.pdf,No,Synthetic work product,
SYNLCPRV022-0000467,SYNLCPRV022-0000465,Synthetic Person 006,blind007@example.test,copy003@example.test,2025-09-05 09:30:00 -08:00,2025-09-05 09:31:00 -08:00,sender024@example.test,Synthetic title 00116,Synthetic subject 00116,recipient031@example.test,synthetic_document_00116.pdf,Yes,Synthetic joint defense,Yes
SYNLCPRV022-0000469,SYNMISMATCH9999999,Synthetic Person 007,blind008@example.test,copy004@example.test,2025-10-06 09:30:00 -08:00,2025-10-06 09:31:00 -08:00,sender025@example.test,Synthetic title 00117,Synthetic subject 00117,recipient032@example.test,synthetic_document_00117.pdf,No,Synthetic attorney-client,
SYNLCPRV022-0000473,SYNLCPRV022-00004,Synthetic Person 008,blind009@example.test,copy005@example.test,2025-11-07 09:30:00 -08:00,2025-11-07 09:31:00 -08:00,sender026@example.test,Synthetic title 00118,Synthetic subject 00118,recipient033@example.test,synthetic_document_00118.pdf,Yes,Synthetic work product,
SYNLCPRV022-0000477,SYNLCPRV022-99999999999999999999999999999999999999999999999999999999999999999999999999999999,Synthetic Person 009,blind010@example.test,copy006@example.test,2025-12-08 09:30:00 -08:00,2025-12-08 09:31:00 -08:00,sender027@example.test,Synthetic title 00119,Synthetic subject 00119,recipient034@example.test,synthetic_document_00119.pdf,No,Synthetic joint defense,
NOT-A-BATES,SYNLCPRV022-0000481,Synthetic Person 010,blind011@example.test,copy007@example.test,2025-01-09 09:30:00 -08:00,2025-01-09 09:31:00 -08:00,sender028@example.test,Synthetic title 00120,Synthetic subject 00120,recipient035@example.test,synthetic_document_00120.pdf,Yes,Synthetic attorney-client,Yes
SYNLCPRV022-0000486,SYNLCPRV022-0000485,Synthetic Person 011,blind001@example.test,copy008@example.test,2025-02-10 09:30:00 -08:00,2025-02-10 09:31:00 -08:00,sender029@example.test,Synthetic title 00121,Synthetic subject 00121,recipient036@example.test,synthetic_document_00121.pdf,No,Synthetic work product,
SYNLCPRV022-0000489,SYNMISMATCH9999999,Synthetic Person 012,blind002@example.test,copy009@example.test,2025-03-11 09:30:00 -08:00,2025-03-11 09:31:00 -08:00,sender030@example.test,Synthetic title 00122,Synthetic subject 00122,recipient037@example.test,synthetic_document_00122.pdf,Yes,Synthetic joint defense,
SYNLCPRV022-0000493,SYNLCPRV022-00004,Synthetic Person 013,blind003@example.test,copy010@example.test,2025-04-12 09:30:00 -08:00,2025-04-12 09:31:00 -08:00,sender031@example.test,Synthetic title 00123,Synthetic subject 00123,recipient038@example.test,synthetic_document_00123.pdf,No,Synthetic attorney-client,
SYNLCPRV022-0000497,SYNLCPRV022-99999999999999999999999999999999999999999999999999999999999999999999999999999999,Synthetic Person 014,blind004@example.test,copy011@example.test,2025-05-13 09:30:00 -08:00,2025-05-13 09:31:00 -08:00,sender001@example.test,Synthetic title 00124,Synthetic subject 00124,recipient039@example.test,synthetic_document_00124.pdf,Yes,Synthetic work product,Yes
NOT-A-BATES,SYNLCPRV022-0000503,Synthetic Person 015,blind005@example.test,copy012@example.test,2025-06-14 09:30:00 -08:00,2025-06-14 09:31:00 -08:00,sender002@example.test,Synthetic title 00125,Synthetic subject 00125,recipient040@example.test,synthetic_document_00125.pdf,No,Synthetic joint defense,
SYNLCPRV022-0000505,SYNLCPRV022-0000505,Synthetic Person 016,blind006@example.test,copy013@example.test,2025-07-15 09:30:00 -08:00,2025-07-15 09:31:00 -08:00,sender003@example.test,Synthetic title 00126,Synthetic subject 00126,recipient041@example.test,synthetic_document_00126.pdf,Yes,Synthetic attorney-client,
SYNLCPRV022-0000509,SYNMISMATCH9999999,Synthetic Person 017,blind007@example.test,copy014@example.test,2025-08-16 09:30:00 -08:00,2025-08-16 09:31:00 -08:00,sender004@example.test,Synthetic title 00127,Synthetic subject 00127,recipient042@example.test,synthetic_document_00127.pdf,No,Synthetic work product,
SYNLCPRV022-0000513,SYNLCPRV022-00005,Synthetic Person 018,blind008@example.test,copy015@example.test,2025-09-17 09:30:00 -08:00,2025-09-17 09:31:00 -08:00,sender005@example.test,Synthetic title 00128,Synthetic subject 00128,recipient043@example.test,synthetic_document_00128.pdf,Yes,Synthetic joint defense,Yes
SYNLCPRV022-0000517,SYNLCPRV022-99999999999999999999999999999999999999999999999999999999999999999999999999999999,Synthetic Person 019,blind009@example.test,copy016@example.test,2025-10-18 09:30:00 -08:00,2025-10-18 09:31:00 -08:00,sender006@example.test,Synthetic title 00129,Synthetic subject 00129,recipient001@example.test,synthetic_document_00129.pdf,No,Synthetic attorney-client,
NOT-A-BATES,SYNLCPRV022-0000522,Synthetic Person 020,blind010@example.test,copy017@example.test,2025-11-19 09:30:00 -08:00,2025-11-19 09:31:00 -08:00,sender007@example.test,Synthetic title 00130,Synthetic subject 00130,recipient002@example.test,synthetic_document_00130.pdf,Yes,Synthetic work product,
SYNLCPRV022-0000527,SYNLCPRV022-0000525,Synthetic Person 021,blind011@example.test,copy018@example.test,2025-12-20 09:30:00 -08:00,2025-12-20 09:31:00 -08:00,sender008@example.test,Synthetic title 00131,Synthetic subject 00131,recipient003@example.test,synthetic_document_00131.pdf,No,Synthetic joint defense,
SYNLCPRV022-0000529,SYNMISMATCH9999999,Synthetic Person 022,blind001@example.test,copy019@example.test,2025-01-21 09:30:00 -08:00,2025-01-21 09:31:00 -08:00,sender009@example.test,Synthetic title 00132,Synthetic subject 00132,recipient004@example.test,synthetic_document_00132.pdf,Yes,Synthetic attorney-client,Yes
SYNLCPRV022-0000533,SYNLCPRV022-00005,Synthetic Person 023,blind002@example.test,copy001@example.test,2025-02-22 09:30:00 -08:00,2025-02-22 09:31:00 -08:00,sender010@example.test,Synthetic title 00133,Synthetic subject 00133,recipient005@example.test,synthetic_document_00133.pdf,No,Synthetic work product,
SYNLCPRV022-0000537,SYNLCPRV022-99999999999999999999999999999999999999999999999999999999999999999999999999999999,Synthetic Person 024,blind003@example.test,copy002@example.test,2025-03-23 09:30:00 -08:00,2025-03-23 09:31:00 -08:00,sender011@example.test,Synthetic title 00134,Synthetic subject 00134,recipient006@example.test,synthetic_document_00134.pdf,Yes,Synthetic joint defense,
NOT-A-BATES,SYNLCPRV022-0000541,Synthetic Person 025,blind004@example.test,copy003@example.test,2025-04-24 09:30:00 -08:00,2025-04-24 09:31:00 -08:00,sender012@example.test,Synthetic title 00135,Synthetic subject 00135,recipient007@example.test,synthetic_document_00135.pdf,No,Synthetic attorney-client,
SYNLCPRV022-0000546,SYNLCPRV022-0000545,Synthetic Person 026,blind005@example.test,copy004@example.test,2025-05-25 09:30:00 -08:00,2025-05-25 09:31:00 -08:00,sender013@example.test,Synthetic title 00136,Synthetic subject 00136,recipient008@example.test,synthetic_document_00136.pdf,Yes,Synthetic work product,Yes
SYNLCPRV022-0000549,SYNMISMATCH9999999,Synthetic Person 027,blind006@example.test,copy005@example.test,2025-06-26 09:30:00 -08:00,2025-06-26 09:31:00 -08:00,sender014@example.test,Synthetic title 00137,Synthetic subject 00137,recipient009@example.test,synthetic_document_00137.pdf,No,Synthetic joint defense,
SYNLCPRV022-0000553,SYNLCPRV022-00005,Synthetic Person 028,blind007@example.test,copy006@example.test,2025-07-27 09:30:00 -08:00,2025-07-27 09:31:00 -08:00,sender015@example.test,Synthetic title 00138,Synthetic subject 00138,recipient010@example.test,synthetic_document_00138.pdf,Yes,Synthetic attorney-client,
SYNLCPRV022-0000557,SYNLCPRV022-99999999999999999999999999999999999999999999999999999999999999999999999999999999,Synthetic Person 029,blind008@example.test,copy007@example.test,2025-08-28 09:30:00 -08:00,2025-08-28 09:31:00 -08:00,sender016@example.test,Synthetic title 00139,Synthetic subject 00139,recipient011@example.test,synthetic_document_00139.pdf,No,Synthetic work product,
NOT-A-BATES,SYNLCPRV022-0000563,Synthetic Person 030,blind009@example.test,copy008@example.test,2025-09-01 09:30:00 -08:00,2025-09-01 09:31:00 -08:00,sender017@example.test,Synthetic title 00140,Synthetic subject 00140,recipient012@example.test,synthetic_document_00140.pdf,Yes,Synthetic joint defense,Yes
SYNLCPRV022-0000565,SYNLCPRV022-0000565,Synthetic Person 031,blind010@example.test,copy009@example.test,2025-10-02 09:30:00 -08:00,2025-10-02 09:31:00 -08:00,sender018@example.test,Synthetic title 00141,Synthetic subject 00141,recipient013@example.test,synthetic_document_00141.pdf,No,Synthetic attorney-client,
SYNLCPRV022-0000569,SYNMISMATCH9999999,Synthetic Person 032,blind011@example.test,copy010@example.test,2025-11-03 09:30:00 -08:00,2025-11-03 09:31:00 -08:00,sender019@example.test,Synthetic title 00142,Synthetic subject 00142,recipient014@example.test,synthetic_document_00142.pdf,Yes,Synthetic work product,
SYNLCPRV022-0000573,SYNLCPRV022-00005,Synthetic Person 033,blind001@example.test,copy011@example.test,2025-12-04 09:30:00 -08:00,2025-12-04 09:31:00 -08:00,sender020@example.test,Synthetic title 00143,Synthetic subject 00143,recipient015@example.test,synthetic_document_00143.pdf,No,Synthetic joint defense,
SYNLCPRV022-0000577,SYNLCPRV022-99999999999999999999999999999999999999999999999999999999999999999999999999999999,Synthetic Person 034,blind002@example.test,copy012@example.test,2025-01-05 09:30:00 -08:00,2025-01-05 09:31:00 -08:00,sender021@example.test,Synthetic title 00144,Synthetic subject 00144,recipient016@example.test,synthetic_document_00144.pdf,Yes,Synthetic attorney-client,Yes
NOT-A-BATES,SYNLCPRV022-0000582,Synthetic Person 035,blind003@example.test,copy013@example.test,2025-02-06 09:30:00 -08:00,2025-02-06 09:31:00 -08:00,sender022@example.test,Synthetic title 00145,Synthetic subject 00145,recipient017@example.test,synthetic_document_00145.pdf,No,Synthetic work product,
SYNLCPRV022-0000587,SYNLCPRV022-0000585,Synthetic Person 036,blind004@example.test,copy014@example.test,2025-03-07 09:30:00 -08:00,2025-03-07 09:31:00 -08:00,sender023@example.test,Synthetic title 00146,Synthetic subject 00146,recipient018@example.test,synthetic_document_00146.pdf,Yes,Synthetic joint defense,
SYNLCPRV022-0000589,SYNMISMATCH9999999,Synthetic Person 037,blind005@example.test,copy015@example.test,2025-04-08 09:30:00 -08:00,2025-04-08 09:31:00 -08:00,sender024@example.test,Synthetic title 00147,Synthetic subject 00147,recipient019@example.test,synthetic_document_00147.pdf,No,Synthetic attorney-client,
SYNLCPRV022-0000593,SYNLCPRV022-00005,Synthetic Person 001,blind006@example.test,copy016@example.test,2025-05-09 09:30:00 -08:00,2025-05-09 09:31:00 -08:00,sender025@example.test,Synthetic title 00148,Synthetic subject 00148,recipient020@example.test,synthetic_document_00148.pdf,Yes,Synthetic work product,Yes
SYNLCPRV022-0000597,SYNLCPRV022-99999999999999999999999999999999999999999999999999999999999999999999999999999999,Synthetic Person 002,blind007@example.test,copy017@example.test,2025-06-10 09:30:00 -08:00,2025-06-10 09:31:00 -08:00,sender026@example.test,Synthetic title 00149,Synthetic subject 00149,recipient021@example.test,synthetic_document_00149.pdf,No,Synthetic joint defense,
