Begin Bates num from SYNTHETIC_PROD_001,End Bates num from SYNTHETIC_PROD_001,Date,File Name,Email From,Email To,Email CC,Email BCC,Email Subject,Tag: Privilege - Redact,Tag: Privilege - Withhold,Tag: AC-WP,Tag: Attorney-Client,Tag: Synthetic Privacy
NOT-A-BATES,SYNEWPRV022-0000001,2025-01-01,synthetic_document_00000.pdf,sender001@example.test,recipient001@example.test,copy001@example.test,blind001@example.test,Synthetic subject 00000,Yes,,Yes,,Yes
SYNEWPRV022-0000006,SYNEWPRV022-0000005,2025-02-02,synthetic_document_00001.pdf,sender002@example.test,recipient002@example.test,copy002@example.test,blind002@example.test,Synthetic subject 00001,,Yes,,Yes,
SYNEWPRV022-0000009,SYNMISMATCH9999999,2025-03-03,synthetic_document_00002.pdf,sender003@example.test,recipient003@example.test,copy003@example.test,blind003@example.test,Synthetic subject 00002,,,,,
SYNEWPRV022-0000013,SYNEWPRV022-00000,2025-04-04,synthetic_document_00003.pdf,sender004@example.test,recipient004@example.test,copy004@example.test,blind004@example.test,Synthetic subject 00003,,,Yes,,
SYNEWPRV022-0000017,SYNEWPRV022-99999999999999999999999999999999999999999999999999999999999999999999999999999999,2025-05-05,synthetic_document_00004.pdf,sender005@example.test,recipient005@example.test,copy005@example.test,blind005@example.test,Synthetic subject 00004,Yes,,,Yes,
NOT-A-BATES,SYNEWPRV022-0000023,2025-06-06,synthetic_document_00005.pdf,sender006@example.test,recipient006@example.test,copy006@example.test,blind006@example.test,Synthetic subject 00005,,Yes,,,Yes
SYNEWPRV022-0000025,SYNEWPRV022-0000025,2025-07-07,synthetic_document_00006.pdf,sender007@example.test,recipient007@example.test,copy007@example.test,blind007@example.test,Synthetic subject 00006,,,Yes,,
SYNEWPRV022-0000029,SYNMISMATCH9999999,2025-08-08,synthetic_document_00007.pdf,sender008@example.test,recipient008@example.test,copy008@example.test,blind008@example.test,Synthetic subject 00007,,,,Yes,
SYNEWPRV022-0000033,SYNEWPRV022-00000,2025-09-09,synthetic_document_00008.pdf,sender009@example.test,recipient009@example.test,copy009@example.test,blind009@example.test,Synthetic subject 00008,Yes,,,,
SYNEWPRV022-0000037,SYNEWPRV022-99999999999999999999999999999999999999999999999999999999999999999999999999999999,2025-10-10,synthetic_document_00009.pdf,sender010@example.test,recipient010@example.test,copy010@example.test,blind010@example.test,Synthetic subject 00009,,Yes,Yes,,
NOT-A-BATES,SYNEWPRV022-0000042,2025-11-11,synthetic_document_00010.pdf,sender011@example.test,recipient011@example.test,copy011@example.test,blind011@example.test,Synthetic subject 00010,,,,Yes,Yes
SYNEWPRV022-0000047,SYNEWPRV022-0000045,2025-12-12,synthetic_document_00011.pdf,sender012@example.test,recipient012@example.test,copy012@example.test,blind001@example.test,Synthetic subject 00011,,,,,
SYNEWPRV022-0000049,SYNMISMATCH9999999,2025-01-13,synthetic_document_00012.pdf,sender013@example.test,recipient013@example.test,copy013@example.test,blind002@example.test,Synthetic subject 00012,Yes,,Yes,,
SYNEWPRV022-0000053,SYNEWPRV022-00000,2025-02-14,synthetic_document_00013.pdf,sender014@example.test,recipient014@example.test,copy014@example.test,blind003@example.test,Synthetic subject 00013,,Yes,,Yes,
SYNEWPRV022-0000057,SYNEWPRV022-99999999999999999999999999999999999999999999999999999999999999999999999999999999,2025-03-15,synthetic_document_00014.pdf,sender015@example.test,recipient015@example.test,copy015@example.test,blind004@example.test,Synthetic subject 00014,,,,,
NOT-A-BATES,SYNEWPRV022-0000061,2025-04-16,synthetic_document_00015.pdf,sender016@example.test,recipient016@example.test,copy016@example.test,blind005@example.test,Synthetic subject 00015,,,Yes,,Yes
SYNEWPRV022-0000066,SYNEWPRV022-0000065,2025-05-17,synthetic_document_00016.pdf,sender017@example.test,recipient017@example.test,copy017@example.test,blind006@example.test,Synthetic subject 00016,Yes,,,Yes,
SYNEWPRV022-0000069,SYNMISMATCH9999999,2025-06-18,synthetic_document_00017.pdf,sender018@example.test,recipient018@example.test,copy018@example.test,blind007@example.test,Synthetic subject 00017,,Yes,,,
SYNEWPRV022-0000073,SYNEWPRV022-00000,2025-07-19,synthetic_document_00018.pdf,sender019@example.test,recipient019@example.test,copy019@example.test,blind008@example.test,Synthetic subject 00018,,,Yes,,
SYNEWPRV022-0000077,SYNEWPRV022-99999999999999999999999999999999999999999999999999999999999999999999999999999999,2025-08-20,synthetic_document_00019.pdf,sender020@example.test,recipient020@example.test,copy001@example.test,blind009@example.test,Synthetic subject 00019,,,,Yes,
NOT-A-BATES,SYNEWPRV022-0000083,2025-09-21,synthetic_document_00020.pdf,sender021@example.test,recipient021@example.test,copy002@example.test,blind010@example.test,Synthetic subject 00020,Yes,,,,Yes
SYNEWPRV022-0000085,SYNEWPRV022-0000085,2025-10-22,synthetic_document_00021.pdf,sender022@example.test,recipient022@example.test,copy003@example.test,blind011@example.test,Synthetic subject 00021,,Yes,Yes,,
SYNEWPRV022-0000089,SYNMISMATCH9999999,2025-11-23,synthetic_document_00022.pdf,sender023@example.test,recipient023@example.test,copy004@example.test,blind001@example.test,Synthetic subject 00022,,,,Yes,
SYNEWPRV022-0000093,SYNEWPRV022-00000,2025-12-24,synthetic_document_00023.pdf,sender024@example.test,recipient024@example.test,copy005@example.test,blind002@example.test,Synthetic subject 00023,,,,,
SYNEWPRV022-0000097,SYNEWPRV022-99999999999999999999999999999999999999999999999999999999999999999999999999999999,2025-01-25,synthetic_document_00024.pdf,sender025@example.test,recipient025@example.test,copy006@example.test,blind003@example.test,Synthetic subject 00024,Yes,,Yes,,
NOT-A-BATES,SYNEWPRV022-0000102,2025-02-26,synthetic_document_00025.pdf,sender026@example.test,recipient026@example.test,copy007@example.test,blind004@example.test,Synthetic subject 00025,,Yes,,Yes,Yes
SYNEWPRV022-0000107,SYNEWPRV022-0000105,2025-03-27,synthetic_document_00026.pdf,sender027@example.test,recipient027@example.test,copy008@example.test,blind005@example.test,Synthetic subject 00026,,,,,
SYNEWPRV022-0000109,SYNMISMATCH9999999,2025-04-28,synthetic_document_00027.pdf,sender028@example.test,recipient028@example.test,copy009@example.test,blind006@example.test,Synthetic subject 00027,,,Yes,,
SYNEWPRV022-0000113,SYNEWPRV022-00001,2025-05-01,synthetic_document_00028.pdf,sender029@example.test,recipient029@example.test,copy010@example.test,blind007@example.test,Synthetic subject 00028,Yes,,,Yes,
SYNEWPRV022-0000117,SYNEWPRV022-99999999999999999999999999999999999999999999999999999999999999999999999999999999,2025-06-02,synthetic_document_00029.pdf,sender030@example.test,recipient030@example.test,copy011@example.test,blind008@example.test,Synthetic subject 00029,,Yes,,,
NOT-A-BATES,SYNEWPRV022-0000121,2025-07-03,synthetic_document_00030.pdf,sender031@example.test,recipient031@example.test,copy012@example.test,blind009@example.test,Synthetic subject 00030,,,Yes,,Yes
SYNEWPRV022-0000126,SYNEWPRV022-0000125,2025-08-04,synthetic_document_00031.pdf,sender001@example.test,recipient032@example.test,copy013@example.test,blind010@example.test,Synthetic subject 00031,,,,Yes,
SYNEWPRV022-0000129,SYNMISMATCH9999999,2025-09-05,synthetic_document_00032.pdf,sender002@example.test,recipient033@example.test,copy014@example.test,blind011@example.test,Synthetic subject 00032,Yes,,,,
SYNEWPRV022-0000133,SYNEWPRV022-00001,2025-10-06,synthetic_document_00033.pdf,sender003@example.test,recipient034@example.test,copy015@example.test,blind001@example.test,Synthetic subject 00033,,Yes,Yes,,
SYNEWPRV022-0000137,SYNEWPRV022-99999999999999999999999999999999999999999999999999999999999999999999999999999999,2025-11-07,synthetic_document_00034.pdf,sender004@example.test,recipient035@example.test,copy016@example.test,blind002@example.test,Synthetic subject 00034,,,,Yes,
NOT-A-BATES,SYNEWPRV022-0000143,2025-12-08,synthetic_document_00035.pdf,sender005@example.test,recipient036@example.test,copy017@example.test,blind003@example.test,Synthetic subject 00035,,,,,Yes
SYNEWPRV022-0000145,SYNEWPRV022-0000145,2025-01-09,synthetic_document_00036.pdf,sender006@example.test,recipient037@example.test,copy018@example.test,blind004@example.test,Synthetic subject 00036,Yes,,Yes,,
SYNEWPRV022-0000149,SYNMISMATCH9999999,2025-02-10,synthetic_document_00037.pdf,sender007@example.test,recipient038@example.test,copy019@example.test,blind005@example.test,Synthetic subject 00037,,Yes,,Yes,
SYNEWPRV022-0000153,SYNEWPRV022-00001,2025-03-11,synthetic_document_00038.pdf,sender008@example.test,recipient039@example.test,copy001@example.test,blind006@example.test,Synthetic subject 00038,,,,,
SYNEWPRV022-0000157,SYNEWPRV022-99999999999999999999999999999999999999999999999999999999999999999999999999999999,2025-04-12,synthetic_document_00039.pdf,sender009@example.test,recipient040@example.test,copy002@example.test,blind007@example.test,Synthetic subject 00039,,,Yes,,
NOT-A-BATES,SYNEWPRV022-0000162,2025-05-13,synthetic_document_00040.pdf,sender010@example.test,recipient041@example.test,copy003@example.test,blind008@example.test,Synthetic subject 00040,Yes,,,Yes,Yes
SYNEWPRV022-0000167,SYNEWPRV022-0000165,2025-06-14,synthetic_document_00041.pdf,sender011@example.test,recipient042@example.test,copy004@example.test,blind009@example.test,Synthetic subject 00041,,Yes,,,
SYNEWPRV022-0000169,SYNMISMATCH9999999,2025-07-15,synthetic_document_00042.pdf,sender012@example.test,recipient043@example.test,copy005@example.test,blind010@example.test,Synthetic subject 00042,,,Yes,,
SYNEWPRV022-0000173,SYNEWPRV022-00001,2025-08-16,synthetic_document_00043.pdf,sender013@example.test,recipient001@example.test,copy006@example.test,blind011@example.test,Synthetic subject 00043,,,,Yes,
SYNEWPRV022-0000177,SYNEWPRV022-99999999999999999999999999999999999999999999999999999999999999999999999999999999,2025-09-17,synthetic_document_00044.pdf,sender014@example.test,recipient002@example.test,copy007@example.test,blind001@example.test,Synthetic subject 00044,Yes,,,,
NOT-A-BATES,SYNEWPRV022-0000181,2025-10-18,synthetic_document_00045.pdf,sender015@example.test,recipient003@example.test,copy008@example.test,blind002@example.test,Synthetic subject 00045,,Yes,Yes,,Yes
SYNEWPRV022-0000186,SYNEWPRV022-0000185,2025-11-19,synthetic_document_00046.pdf,sender016@example.test,recipient004@example.test,copy009@example.test,blind003@example.test,Synthetic subject 00046,,,,Yes,
SYNEWPRV022-0000189,SYNMISMATCH9999999,2025-12-20,synthetic_document_00047.pdf,sender017@example.test,recipient005@example.test,copy010@example.test,blind004@example.test,Synthetic subject 00047,,,,,
SYNEWPRV022-0000193,SYNEWPRV022-00001,2025-01-21,synthetic_document_00048.pdf,sender018@example.test,recipient006@example.test,copy011@example.test,blind005@example.test,Synthetic subject 00048,Yes,,Yes,,
SYNEWPRV022-0000197,SYNEWPRV022-99999999999999999999999999999999999999999999999999999999999999999999999999999999,2025-02-22,synthetic_document_00049.pdf,sender019@example.test,recipient007@example.test,copy012@example.test,blind006@example.test,Synthetic subject 00049,,Yes,,Yes,
NOT-A-BATES,SYNEWPRV022-0000203,2025-03-23,synthetic_document_00050.pdf,sender020@example.test,recipient008@example.test,copy013@example.test,blind007@example.test,Synthetic subject 00050,,,,,Yes
SYNEWPRV022-0000205,SYNEWPRV022-0000205,2025-04-24,synthetic_document_00051.pdf,sender021@example.test,recipient009@example.test,copy014@example.test,blind008@example.test,Synthetic subject 00051,,,Yes,,
SYNEWPRV022-0000209,SYNMISMATCH9999999,2025-05-25,synthetic_document_00052.pdf,sender022@example.test,recipient010@example.test,copy015@example.test,blind009@example.test,Synthetic subject 00052,Yes,,,Yes,
SYNEWPRV022-0000213,SYNEWPRV022-00002,2025-06-26,synthetic_document_00053.pdf,sender023@example.test,recipient011@example.test,copy016@example.test,blind010@example.test,Synthetic subject 00053,,Yes,,,
SYNEWPRV022-0000217,SYNEWPRV022-99999999999999999999999999999999999999999999999999999999999999999999999999999999,2025-07-27,synthetic_document_00054.pdf,sender024@example.test,recipient012@example.test,copy017@example.test,blind011@example.test,Synthetic subject 00054,,,Yes,,
NOT-A-BATES,SYNEWPRV022-0000222,2025-08-28,synthetic_document_00055.pdf,sender025@example.test,recipient013@example.test,copy018@example.test,blind001@example.test,Synthetic subject 00055,,,,Yes,Yes
SYNEWPRV022-0000227,SYNEWPRV022-0000225,2025-09-01,synthetic_document_00056.pdf,sender026@example.test,recipient014@example.test,copy019@example.test,blind002@example.test,Synthetic subject 00056,Yes,,,,
SYNEWPRV022-0000229,SYNMISMATCH9999999,2025-10-02,synthetic_document_00057.pdf,sender027@example.test,recipient015@example.test,copy001@example.test,blind003@example.test,Synthetic subject 00057,,Yes,Yes,,
SYNEWPRV022-0000233,SYNEWPRV022-00002,2025-11-03,synthetic_document_00058.pdf,sender028@example.test,recipient016@example.test,copy002@example.test,blind004@example.test,Synthetic subject 00058,,,,Yes,
SYNEWPRV022-0000237,SYNEWPRV022-99999999999999999999999999999999999999999999999999999999999999999999999999999999,2025-12-04,synthetic_document_00059.pdf,sender029@example.test,recipient017@example.test,copy003@example.test,blind005@example.test,Synthetic subject 00059,,,,,
NOT-A-BATES,SYNEWPRV022-0000241,2025-01-05,synthetic_document_00060.pdf,sender030@example.test,recipient018@example.test,copy004@example.test,blind006@example.test,Synthetic subject 00060,Yes,,Yes,,Yes
SYNEWPRV022-0000246,SYNEWPRV022-0000245,2025-02-06,synthetic_document_00061.pdf,sender031@example.test,recipient019@example.test,copy005@example.test,blind007@example.test,Synthetic subject 00061,,Yes,,Yes,
SYNEWPRV022-0000249,SYNMISMATCH9999999,2025-03-07,synthetic_document_00062.pdf,sender001@example.test,recipient020@example.test,copy006@example.test,blind008@example.test,Synthetic subject 00062,,,,,
SYNEWPRV022-0000253,SYNEWPRV022-00002,2025-04-08,synthetic_document_00063.pdf,sender002@example.test,recipient021@example.test,copy007@example.test,blind009@example.test,Synthetic subject 00063,,,Yes,,
SYNEWPRV022-0000257,SYNEWPRV022-99999999999999999999999999999999999999999999999999999999999999999999999999999999,2025-05-09,synthetic_document_00064.pdf,sender003@example.test,recipient022@example.test,copy008@example.test,blind010@example.test,Synthetic subject 00064,Yes,,,Yes,
NOT-A-BATES,SYNEWPRV022-0000263,2025-06-10,synthetic_document_00065.pdf,sender004@example.test,recipient023@example.test,copy009@example.test,blind011@example.test,Synthetic subject 00065,,Yes,,,Yes
SYNEWPRV022-0000265,SYNEWPRV022-0000265,2025-07-11,synthetic_document_00066.pdf,sender005@example.test,recipient024@example.test,copy010@example.test,blind001@example.test,Synthetic subject 00066,,,Yes,,
SYNEWPRV022-0000269,SYNMISMATCH9999999,2025-08-12,synthetic_document_00067.pdf,sender006@example.test,recipient025@example.test,copy011@example.test,blind002@example.test,Synthetic subject 00067,,,,Yes,
SYNEWPRV022-0000273,SYNEWPRV022-00002,2025-09-13,synthetic_document_00068.pdf,sender007@example.test,recipient026@example.test,copy012@example.test,blind003@example.test,Synthetic subject 00068,Yes,,,,
SYNEWPRV022-0000277,SYNEWPRV022-99999999999999999999999999999999999999999999999999999999999999999999999999999999,2025-10-14,synthetic_document_00069.pdf,sender008@example.test,recipient027@example.test,copy013@example.test,blind004@example.test,Synthetic subject 00069,,Yes,Yes,,
NOT-A-BATES,SYNEWPRV022-0000282,2025-11-15,synthetic_document_00070.pdf,sender009@example.test,recipient028@example.test,copy014@example.test,blind005@example.test,Synthetic subject 00070,,,,Yes,Yes
SYNEWPRV022-0000287,SYNEWPRV022-0000285,2025-12-16,synthetic_document_00071.pdf,sender010@example.test,recipient029@example.test,copy015@example.test,blind006@example.test,Synthetic subject 00071,,,,,
SYNEWPRV022-0000289,SYNMISMATCH9999999,2025-01-17,synthetic_document_00072.pdf,sender011@example.test,recipient030@example.test,copy016@example.test,blind007@example.test,Synthetic subject 00072,Yes,,Yes,,
SYNEWPRV022-0000293,SYNEWPRV022-00002,2025-02-18,synthetic_document_00073.pdf,sender012@example.test,recipient031@example.test,copy017@example.test,blind008@example.test,Synthetic subject 00073,,Yes,,Yes,
SYNEWPRV022-0000297,SYNEWPRV022-99999999999999999999999999999999999999999999999999999999999999999999999999999999,2025-03-19,synthetic_document_00074.pdf,sender013@example.test,recipient032@example.test,copy018@example.test,blind009@example.test,Synthetic subject 00074,,,,,
NOT-A-BATES,SYNEWPRV022-0000301,2025-04-20,synthetic_document_00075.pdf,sender014@example.test,recipient033@example.test,copy019@example.test,blind010@example.test,Synthetic subject 00075,,,Yes,,Yes
SYNEWPRV022-0000306,SYNEWPRV022-0000305,2025-05-21,synthetic_document_00076.pdf,sender015@example.test,recipient034@example.test,copy001@example.test,blind011@example.test,Synthetic subject 00076,Yes,,,Yes,
SYNEWPRV022-0000309,SYNMISMATCH9999999,2025-06-22,synthetic_document_00077.pdf,sender016@example.test,recipient035@example.test,copy002@example.test,blind001@example.test,Synthetic subject 00077,,Yes,,,
SYNEWPRV022-0000313,SYNEWPRV022-00003,2025-07-23,synthetic_document_00078.pdf,sender017@example.test,recipient036@example.test,copy003@example.test,blind002@example.test,Synthetic subject 00078,,,Yes,,
SYNEWPRV022-0000317,SYNEWPRV022-99999999999999999999999999999999999999999999999999999999999999999999999999999999,2025-08-24,synthetic_document_00079.pdf,sender018@example.test,recipient037@example.test,copy004@example.test,blind003@example.test,Synthetic subject 00079,,,,Yes,
NOT-A-BATES,SYNEWPRV022-0000323,2025-09-25,synthetic_document_00080.pdf,sender019@example.test,recipient038@example.test,copy005@example.test,blind004@example.test,Synthetic subject 00080,Yes,,,,Yes
SYNEWPRV022-0000325,SYNEWPRV022-0000325,2025-10-26,synthetic_document_00081.pdf,sender020@example.test,recipient039@example.test,copy006@example.test,blind005@example.test,Synthetic subject 00081,,Yes,Yes,,
SYNEWPRV022-0000329,SYNMISMATCH9999999,2025-11-27,synthetic_document_00082.pdf,sender021@example.test,recipient040@example.test,copy007@example.test,blind006@example.test,Synthetic subject 00082,,,,Yes,
SYNEWPRV022-0000333,SYNEWPRV022-00003,2025-12-28,synthetic_document_00083.pdf,sender022@example.test,recipient041@example.test,copy008@example.test,blind007@example.test,Synthetic subject 00083,,,,,
SYNEWPRV022-0000337,SYNEWPRV022-99999999999999999999999999999999999999999999999999999999999999999999999999999999,2025-01-01,synthetic_document_00084.pdf,sender023@example.test,recipient042@example.test,copy009@example.test,blind008@example.test,Synthetic subject 00084,Yes,,Yes,,
NOT-A-BATES,SYNEWPRV022-0000342,2025-02-02,synthetic_document_00085.pdf,sender024@example.test,recipient043@example.test,copy010@example.test,blind009@example.test,Synthetic subject 00085,,Yes,,Yes,Yes
SYNEWPRV022-0000347,SYNEWPRV022-0000345,2025-03-03,synthetic_document_00086.pdf,sender025@example.test,recipient001@example.test,copy011@example.test,blind010@example.test,Synthetic subject 00086,,,,,
SYNEWPRV022-0000349,SYNMISMATCH9999999,2025-04-04,synthetic_document_00087.pdf,sender026@example.test,recipient002@example.test,copy012@example.test,blind011@example.test,Synthetic subject 00087,,,Yes,,
SYNEWPRV022-0000353,SYNEWPRV022-00003,2025-05-05,synthetic_document_00088.pdf,sender027@example.test,recipient003@example.test,copy013@example.test,blind001@example.test,Synthetic subject 00088,Yes,,,Yes,
SYNEWPRV022-0000357,SYNEWPRV022-99999999999999999999999999999999999999999999999999999999999999999999999999999999,2025-06-06,synthetic_document_00089.pdf,sender028@example.test,recipient004@example.test,copy014@example.test,blind002@example.test,Synthetic subject 00089,,Yes,,,
NOT-A-BATES,SYNEWPRV022-0000361,2025-07-07,synthetic_document_00090.pdf,sender029@example.test,recipient005@example.test,copy015@example.test,blind003@example.test,Synthetic subject 00090,,,Yes,,Yes
SYNEWPRV022-0000366,SYNEWPRV022-0000365,2025-08-08,synthetic_document_00091.pdf,sender030@example.test,recipient006@example.test,copy016@example.test,blind004@example.test,Synthetic subject 00091,,,,Yes,
SYNEWPRV022-0000369,SYNMISMATCH9999999,2025-09-09,synthetic_document_00092.pdf,sender031@example.test,recipient007@example.test,copy017@example.test,blind005@example.test,Synthetic subject 00092,Yes,,,,
SYNEWPRV022-0000373,SYNEWPRV022-00003,2025-10-10,synthetic_document_00093.pdf,sender001@example.test,recipient008@example.test,copy018@example.test,blind006@example.test,Synthetic subject 00093,,Yes,Yes,,
SYNEWPRV022-0000377,SYNEWPRV022-99999999999999999999999999999999999999999999999999999999999999999999999999999999,2025-11-11,synthetic_document_00094.pdf,sender002@example.test,recipient009@example.test,copy019@example.test,blind007@example.test,Synthetic subject 00094,,,,Yes,
NOT-A-BATES,SYNEWPRV022-0000383,2025-12-12,synthetic_document_00095.pdf,sender003@example.test,recipient010@example.test,copy001@example.test,blind008@example.test,Synthetic subject 00095,,,,,Yes
SYNEWPRV022-0000385,SYNEWPRV022-0000385,2025-01-13,synthetic_document_00096.pdf,sender004@example.test,recipient011@example.test,copy002@example.test,blind009@example.test,Synthetic subject 00096,Yes,,Yes,,
SYNEWPRV022-0000389,SYNMISMATCH9999999,2025-02-14,synthetic_document_00097.pdf,sender005@example.test,recipient012@example.test,copy003@example.test,blind010@example.test,Synthetic subject 00097,,Yes,,Yes,
SYNEWPRV022-0000393,SYNEWPRV022-00003,2025-03-15,synthetic_document_00098.pdf,sender006@example.test,recipient013@example.test,copy004@example.test,blind011@example.test,Synthetic subject 00098,,,,,
SYNEWPRV022-0000397,SYNEWPRV022-99999999999999999999999999999999999999999999999999999999999999999999999999999999,2025-04-16,synthetic_document_00099.pdf,sender007@example.test,recipient014@example.test,copy005@example.test,blind001@example.test,Synthetic subject 00099,,,Yes,,
NOT-A-BATES,SYNEWPRV022-0000402,2025-05-17,synthetic_document_00100.pdf,sender008@example.test,recipient015@example.test,copy006@example.test,blind002@example.test,Synthetic subject 00100,Yes,,,Yes,Yes
SYNEWPRV022-0000407,SYNEWPRV022-0000405,2025-06-18,synthetic_document_00101.pdf,sender009@example.test,recipient016@example.test,copy007@example.test,blind003@example.test,Synthetic subject 00101,,Yes,,,
SYNEWPRV022-0000409,SYNMISMATCH9999999,2025-07-19,synthetic_document_00102.pdf,sender010@example.test,recipient017@example.test,copy008@example.test,blind004@example.test,Synthetic subject 00102,,,Yes,,
SYNEWPRV022-0000413,SYNEWPRV022-00004,2025-08-20,synthetic_document_00103.pdf,sender011@example.test,recipient018@example.test,copy009@example.test,blind005@example.test,Synthetic subject 00103,,,,Yes,
SYNEWPRV022-0000417,SYNEWPRV022-99999999999999999999999999999999999999999999999999999999999999999999999999999999,2025-09-21,synthetic_document_00104.pdf,sender012@example.test,recipient019@example.test,copy010@example.test,blind006@example.test,Synthetic subject 00104,Yes,,,,
NOT-A-BATES,SYNEWPRV022-0000421,2025-10-22,synthetic_document_00105.pdf,sender013@example.test,recipient020@example.test,copy011@example.test,blind007@example.test,Synthetic subject 00105,,Yes,Yes,,Yes
SYNEWPRV022-0000426,SYNEWPRV022-0000425,2025-11-23,synthetic_document_00106.pdf,sender014@example.test,recipient021@example.test,copy012@example.test,blind008@example.test,Synthetic subject 00106,,,,Yes,
SYNEWPRV022-0000429,SYNMISMATCH9999999,2025-12-24,synthetic_document_00107.pdf,sender015@example.test,recipient022@example.test,copy013@example.test,blind009@example.test,Synthetic subject 00107,,,,,
SYNEWPRV022-0000433,SYNEWPRV022-00004,2025-01-25,synthetic_document_00108.pdf,sender016@example.test,recipient023@example.test,copy014@example.test,blind010@example.test,Synthetic subject 00108,Yes,,Yes,,
SYNEWPRV022-0000437,SYNEWPRV022-99999999999999999999999999999999999999999999999999999999999999999999999999999999,2025-02-26,synthetic_document_00109.pdf,sender017@example.test,recipient024@example.test,copy015@example.test,blind011@example.test,Synthetic subject 00109,,Yes,,Yes,
NOT-A-BATES,SYNEWPRV022-0000443,2025-03-27,synthetic_document_00110.pdf,sender018@example.test,recipient025@example.test,copy016@example.test,blind001@example.test,Synthetic subject 00110,,,,,Yes
SYNEWPRV022-0000445,SYNEWPRV022-0000445,2025-04-28,synthetic_document_00111.pdf,sender019@example.test,recipient026@example.test,copy017@example.test,blind002@example.test,Synthetic subject 00111,,,Yes,,
SYNEWPRV022-0000449,SYNMISMATCH9999999,2025-05-01,synthetic_document_00112.pdf,sender020@example.test,recipient027@example.test,copy018@example.test,blind003@example.test,Synthetic subject 00112,Yes,,,Yes,
SYNEWPRV022-0000453,SYNEWPRV022-00004,2025-06-02,synthetic_document_00113.pdf,sender021@example.test,recipient028@example.test,copy019@example.test,blind004@example.test,Synthetic subject 00113,,Yes,,,
SYNEWPRV022-0000457,SYNEWPRV022-99999999999999999999999999999999999999999999999999999999999999999999999999999999,2025-07-03,synthetic_document_00114.pdf,sender022@example.test,recipient029@example.test,copy001@example.test,blind005@example.test,Synthetic subject 00114,,,Yes,,
NOT-A-BATES,SYNEWPRV022-0000462,2025-08-04,synthetic_document_00115.pdf,sender023@example.test,recipient030@example.test,copy002@example.test,blind006@example.test,Synthetic subject 00115,,,,Yes,Yes
SYNEWPRV022-0000467,SYNEWPRV022-0000465,2025-09-05,synthetic_document_00116.pdf,sender024@example.test,recipient031@example.test,copy003@example.test,blind007@example.test,Synthetic subject 00116,Yes,,,,
SYNEWPRV022-0000469,SYNMISMATCH9999999,2025-10-06,synthetic_document_00117.pdf,sender025@example.test,recipient032@example.test,copy004@example.test,blind008@example.test,Synthetic subject 00117,,Yes,Yes,,
SYNEWPRV022-0000473,SYNEWPRV022-00004,2025-11-07,synthetic_document_00118.pdf,sender026@example.test,recipient033@example.test,copy005@example.test,blind009@example.test,Synthetic subject 00118,,,,Yes,
SYNEWPRV022-0000477,SYNEWPRV022-99999999999999999999999999999999999999999999999999999999999999999999999999999999,2025-12-08,synthetic_document_00119.pdf,sender027@example.test,recipient034@example.test,copy006@example.test,blind010@example.test,Synthetic subject 00119,,,,,
NOT-A-BATES,SYNEWPRV022-0000481,2025-01-09,synthetic_document_00120.pdf,sender028@example.test,recipient035@example.test,copy007@example.test,blind011@example.test,Synthetic subject 00120,Yes,,Yes,,Yes
SYNEWPRV022-0000486,SYNEWPRV022-0000485,2025-02-10,synthetic_document_00121.pdf,sender029@example.test,recipient036@example.test,copy008@example.test,blind001@example.test,Synthetic subject 00121,,Yes,,Yes,
SYNEWPRV022-0000489,SYNMISMATCH9999999,2025-03-11,synthetic_document_00122.pdf,sender030@example.test,recipient037@example.test,copy009@example.test,blind002@example.test,Synthetic subject 00122,,,,,
SYNEWPRV022-0000493,SYNEWPRV022-00004,2025-04-12,synthetic_document_00123.pdf,sender031@example.test,recipient038@example.test,copy010@example.test,blind003@example.test,Synthetic subject 00123,,,Yes,,
SYNEWPRV022-0000497,SYNEWPRV022-99999999999999999999999999999999999999999999999999999999999999999999999999999999,2025-05-13,synthetic_document_00124.pdf,sender001@example.test,recipient039@example.test,copy011@example.test,blind004@example.test,Synthetic subject 00124,Yes,,,Yes,
NOT-A-BATES,SYNEWPRV022-0000503,2025-06-14,synthetic_document_00125.pdf,sender002@example.test,recipient040@example.test,copy012@example.test,blind005@example.test,Synthetic subject 00125,,Yes,,,Yes
SYNEWPRV022-0000505,SYNEWPRV022-0000505,2025-07-15,synthetic_document_00126.pdf,sender003@example.test,recipient041@example.test,copy013@example.test,blind006@example.test,Synthetic subject 00126,,,Yes,,
SYNEWPRV022-0000509,SYNMISMATCH9999999,2025-08-16,synthetic_document_00127.pdf,sender004@example.test,recipient042@example.test,copy014@example.test,blind007@example.test,Synthetic subject 00127,,,,Yes,
SYNEWPRV022-0000513,SYNEWPRV022-00005,2025-09-17,synthetic_document_00128.pdf,sender005@example.test,recipient043@example.test,copy015@example.test,blind008@example.test,Synthetic subject 00128,Yes,,,,
SYNEWPRV022-0000517,SYNEWPRV022-99999999999999999999999999999999999999999999999999999999999999999999999999999999,2025-10-18,synthetic_document_00129.pdf,sender006@example.test,recipient001@example.test,copy016@example.test,blind009@example.test,Synthetic subject 00129,,Yes,Yes,,
NOT-A-BATES,SYNEWPRV022-0000522,2025-11-19,synthetic_document_00130.pdf,sender007@example.test,recipient002@example.test,copy017@example.test,blind010@example.test,Synthetic subject 00130,,,,Yes,Yes
SYNEWPRV022-0000527,SYNEWPRV022-0000525,2025-12-20,synthetic_document_00131.pdf,sender008@example.test,recipient003@example.test,copy018@example.test,blind011@example.test,Synthetic subject 00131,,,,,
SYNEWPRV022-0000529,SYNMISMATCH9999999,2025-01-21,synthetic_document_00132.pdf,sender009@example.test,recipient004@example.test,copy019@example.test,blind001@example.test,Synthetic subject 00132,Yes,,Yes,,
SYNEWPRV022-0000533,SYNEWPRV022-00005,2025-02-22,synthetic_document_00133.pdf,sender010@example.test,recipient005@example.test,copy001@example.test,blind002@example.test,Synthetic subject 00133,,Yes,,Yes,
SYNEWPRV022-0000537,SYNEWPRV022-99999999999999999999999999999999999999999999999999999999999999999999999999999999,2025-03-23,synthetic_document_00134.pdf,sender011@example.test,recipient006@example.test,copy002@example.test,blind003@example.test,Synthetic subject 00134,,,,,
NOT-A-BATES,SYNEWPRV022-0000541,2025-04-24,synthetic_document_00135.pdf,sender012@example.test,recipient007@example.test,copy003@example.test,blind004@example.test,Synthetic subject 00135,,,Yes,,Yes
SYNEWPRV022-0000546,SYNEWPRV022-0000545,2025-05-25,synthetic_document_00136.pdf,sender013@example.test,recipient008@example.test,copy004@example.test,blind005@example.test,Synthetic subject 00136,Yes,,,Yes,
SYNEWPRV022-0000549,SYNMISMATCH9999999,2025-06-26,synthetic_document_00137.pdf,sender014@example.test,recipient009@example.test,copy005@example.test,blind006@example.test,Synthetic subject 00137,,Yes,,,
SYNEWPRV022-0000553,SYNEWPRV022-00005,2025-07-27,synthetic_document_00138.pdf,sender015@example.test,recipient010@example.test,copy006@example.test,blind007@example.test,Synthetic subject 00138,,,Yes,,
SYNEWPRV022-0000557,SYNEWPRV022-99999999999999999999999999999999999999999999999999999999999999999999999999999999,2025-08-28,synthetic_document_00139.pdf,sender016@example.test,recipient011@example.test,copy007@example.test,blind008@example.test,Synthetic subject 00139,,,,Yes,
NOT-A-BATES,SYNEWPRV022-0000563,2025-09-01,synthetic_document_00140.pdf,sender017@example.test,recipient012@example.test,copy008@example.test,blind009@example.test,Synthetic subject 00140,Yes,,,,Yes
SYNEWPRV022-0000565,SYNEWPRV022-0000565,2025-10-02,synthetic_document_00141.pdf,sender018@example.test,recipient013@example.test,copy009@example.test,blind010@example.test,Synthetic subject 00141,,Yes,Yes,,
SYNEWPRV022-0000569,SYNMISMATCH9999999,2025-11-03,synthetic_document_00142.pdf,sender019@example.test,recipient014@example.test,copy010@example.test,blind011@example.test,Synthetic subject 00142,,,,Yes,
SYNEWPRV022-0000573,SYNEWPRV022-00005,2025-12-04,synthetic_document_00143.pdf,sender020@example.test,recipient015@example.test,copy011@example.test,blind001@example.test,Synthetic subject 00143,,,,,
SYNEWPRV022-0000577,SYNEWPRV022-99999999999999999999999999999999999999999999999999999999999999999999999999999999,2025-01-05,synthetic_document_00144.pdf,sender021@example.test,recipient016@example.test,copy012@example.test,blind002@example.test,Synthetic subject 00144,Yes,,Yes,,
NOT-A-BATES,SYNEWPRV022-0000582,2025-02-06,synthetic_document_00145.pdf,sender022@example.test,recipient017@example.test,copy013@example.test,blind003@example.test,Synthetic subject 00145,,Yes,,Yes,Yes
SYNEWPRV022-0000587,SYNEWPRV022-0000585,2025-03-07,synthetic_document_00146.pdf,sender023@example.test,recipient018@example.test,copy014@example.test,blind004@example.test,Synthetic subject 00146,,,,,
SYNEWPRV022-0000589,SYNMISMATCH9999999,2025-04-08,synthetic_document_00147.pdf,sender024@example.test,recipient019@example.test,copy015@example.test,blind005@example.test,Synthetic subject 00147,,,Yes,,
SYNEWPRV022-0000593,SYNEWPRV022-00005,2025-05-09,synthetic_document_00148.pdf,sender025@example.test,recipient020@example.test,copy016@example.test,blind006@example.test,Synthetic subject 00148,Yes,,,Yes,
SYNEWPRV022-0000597,SYNEWPRV022-99999999999999999999999999999999999999999999999999999999999999999999999999999999,2025-06-10,synthetic_document_00149.pdf,sender026@example.test,recipient021@example.test,copy017@example.test,blind007@example.test,Synthetic subject 00149,,Yes,,,
