Begin Bates num from SYNTHETIC_PROD_001,Begin Bates num from SYNTHETIC_PROD_001,End Bates num from SYNTHETIC_PROD_001,Date,File Name,Email From,Email To,Email CC,Email BCC,Email Subject,Tag: Privilege - Redact,Tag: Privilege - Withhold,Tag: AC-WP,Tag: Attorney-Client,Tag: Synthetic Privacy
SYNEWPRV023-0000001,SYNEWPRV023-0000001,SYNEWPRV023-0000001,2025-01-01,synthetic_document_00000.pdf,sender001@example.test,recipient001@example.test,copy001@example.test,blind001@example.test,Synthetic subject 00000,Yes,,Yes,,Yes
SYNEWPRV023-0000005,SYNEWPRV023-0000005,SYNEWPRV023-0000006,2025-02-02,synthetic_document_00001.pdf,sender002@example.test,recipient002@example.test,copy002@example.test,blind002@example.test,Synthetic subject 00001,,Yes,,Yes,
SYNEWPRV023-0000009,SYNEWPRV023-0000009,SYNEWPRV023-0000011,2025-03-03,synthetic_document_00002.pdf,sender003@example.test,recipient003@example.test,copy003@example.test,blind003@example.test,Synthetic subject 00002,,,,,
SYNEWPRV023-0000013,SYNEWPRV023-0000013,SYNEWPRV023-0000013,2025-04-04,synthetic_document_00003.pdf,sender004@example.test,recipient004@example.test,copy004@example.test,blind004@example.test,Synthetic subject 00003,,,Yes,,
SYNEWPRV023-0000017,SYNEWPRV023-0000017,SYNEWPRV023-0000018,2025-05-05,synthetic_document_00004.pdf,sender005@example.test,recipient005@example.test,copy005@example.test,blind005@example.test,Synthetic subject 00004,Yes,,,Yes,
SYNEWPRV023-0000021,SYNEWPRV023-0000021,SYNEWPRV023-0000023,2025-06-06,synthetic_document_00005.pdf,sender006@example.test,recipient006@example.test,copy006@example.test,blind006@example.test,Synthetic subject 00005,,Yes,,,Yes
SYNEWPRV023-0000025,SYNEWPRV023-0000025,SYNEWPRV023-0000025,2025-07-07,synthetic_document_00006.pdf,sender007@example.test,recipient007@example.test,copy007@example.test,blind007@example.test,Synthetic subject 00006,,,Yes,,
SYNEWPRV023-0000029,SYNEWPRV023-0000029,SYNEWPRV023-0000030,2025-08-08,synthetic_document_00007.pdf,sender008@example.test,recipient008@example.test,copy008@example.test,blind008@example.test,Synthetic subject 00007,,,,Yes,
SYNEWPRV023-0000033,SYNEWPRV023-0000033,SYNEWPRV023-0000035,2025-09-09,synthetic_document_00008.pdf,sender009@example.test,recipient009@example.test,copy009@example.test,blind009@example.test,Synthetic subject 00008,Yes,,,,
SYNEWPRV023-0000037,SYNEWPRV023-0000037,SYNEWPRV023-0000037,2025-10-10,synthetic_document_00009.pdf,sender010@example.test,recipient010@example.test,copy010@example.test,blind010@example.test,Synthetic subject 00009,,Yes,Yes,,
SYNEWPRV023-0000041,SYNEWPRV023-0000041,SYNEWPRV023-0000042,2025-11-11,synthetic_document_00010.pdf,sender011@example.test,recipient011@example.test,copy011@example.test,blind011@example.test,Synthetic subject 00010,,,,Yes,Yes
SYNEWPRV023-0000045,SYNEWPRV023-0000045,SYNEWPRV023-0000047,2025-12-12,synthetic_document_00011.pdf,sender012@example.test,recipient012@example.test,copy012@example.test,blind001@example.test,Synthetic subject 00011,,,,,
SYNEWPRV023-0000049,SYNEWPRV023-0000049,SYNEWPRV023-0000049,2025-01-13,synthetic_document_00012.pdf,sender013@example.test,recipient013@example.test,copy013@example.test,blind002@example.test,Synthetic subject 00012,Yes,,Yes,,
SYNEWPRV023-0000053,SYNEWPRV023-0000053,SYNEWPRV023-0000054,2025-02-14,synthetic_document_00013.pdf,sender014@example.test,recipient014@example.test,copy014@example.test,blind003@example.test,Synthetic subject 00013,,Yes,,Yes,
SYNEWPRV023-0000057,SYNEWPRV023-0000057,SYNEWPRV023-0000059,2025-03-15,synthetic_document_00014.pdf,sender015@example.test,recipient015@example.test,copy015@example.test,blind004@example.test,Synthetic subject 00014,,,,,
SYNEWPRV023-0000061,SYNEWPRV023-0000061,SYNEWPRV023-0000061,2025-04-16,synthetic_document_00015.pdf,sender016@example.test,recipient016@example.test,copy016@example.test,blind005@example.test,Synthetic subject 00015,,,Yes,,Yes
SYNEWPRV023-0000065,SYNEWPRV023-0000065,SYNEWPRV023-0000066,2025-05-17,synthetic_document_00016.pdf,sender017@example.test,recipient017@example.test,copy017@example.test,blind006@example.test,Synthetic subject 00016,Yes,,,Yes,
SYNEWPRV023-0000069,SYNEWPRV023-0000069,SYNEWPRV023-0000071,2025-06-18,synthetic_document_00017.pdf,sender018@example.test,recipient018@example.test,copy018@example.test,blind007@example.test,Synthetic subject 00017,,Yes,,,
SYNEWPRV023-0000073,SYNEWPRV023-0000073,SYNEWPRV023-0000073,2025-07-19,synthetic_document_00018.pdf,sender019@example.test,recipient019@example.test,copy019@example.test,blind008@example.test,Synthetic subject 00018,,,Yes,,
SYNEWPRV023-0000077,SYNEWPRV023-0000077,SYNEWPRV023-0000078,2025-08-20,synthetic_document_00019.pdf,sender020@example.test,recipient020@example.test,copy001@example.test,blind009@example.test,Synthetic subject 00019,,,,Yes,
SYNEWPRV023-0000081,SYNEWPRV023-0000081,SYNEWPRV023-0000083,2025-09-21,synthetic_document_00020.pdf,sender021@example.test,recipient021@example.test,copy002@example.test,blind010@example.test,Synthetic subject 00020,Yes,,,,Yes
SYNEWPRV023-0000085,SYNEWPRV023-0000085,SYNEWPRV023-0000085,2025-10-22,synthetic_document_00021.pdf,sender022@example.test,recipient022@example.test,copy003@example.test,blind011@example.test,Synthetic subject 00021,,Yes,Yes,,
SYNEWPRV023-0000089,SYNEWPRV023-0000089,SYNEWPRV023-0000090,2025-11-23,synthetic_document_00022.pdf,sender023@example.test,recipient023@example.test,copy004@example.test,blind001@example.test,Synthetic subject 00022,,,,Yes,
SYNEWPRV023-0000093,SYNEWPRV023-0000093,SYNEWPRV023-0000095,2025-12-24,synthetic_document_00023.pdf,sender024@example.test,recipient024@example.test,copy005@example.test,blind002@example.test,Synthetic subject 00023,,,,,
SYNEWPRV023-0000097,SYNEWPRV023-0000097,SYNEWPRV023-0000097,2025-01-25,synthetic_document_00024.pdf,sender025@example.test,recipient025@example.test,copy006@example.test,blind003@example.test,Synthetic subject 00024,Yes,,Yes,,
SYNEWPRV023-0000101,SYNEWPRV023-0000101,SYNEWPRV023-0000102,2025-02-26,synthetic_document_00025.pdf,sender026@example.test,recipient026@example.test,copy007@example.test,blind004@example.test,Synthetic subject 00025,,Yes,,Yes,Yes
SYNEWPRV023-0000105,SYNEWPRV023-0000105,SYNEWPRV023-0000107,2025-03-27,synthetic_document_00026.pdf,sender027@example.test,recipient027@example.test,copy008@example.test,blind005@example.test,Synthetic subject 00026,,,,,
SYNEWPRV023-0000109,SYNEWPRV023-0000109,SYNEWPRV023-0000109,2025-04-28,synthetic_document_00027.pdf,sender028@example.test,recipient028@example.test,copy009@example.test,blind006@example.test,Synthetic subject 00027,,,Yes,,
SYNEWPRV023-0000113,SYNEWPRV023-0000113,SYNEWPRV023-0000114,2025-05-01,synthetic_document_00028.pdf,sender029@example.test,recipient029@example.test,copy010@example.test,blind007@example.test,Synthetic subject 00028,Yes,,,Yes,
SYNEWPRV023-0000117,SYNEWPRV023-0000117,SYNEWPRV023-0000119,2025-06-02,synthetic_document_00029.pdf,sender030@example.test,recipient030@example.test,copy011@example.test,blind008@example.test,Synthetic subject 00029,,Yes,,,
SYNEWPRV023-0000121,SYNEWPRV023-0000121,SYNEWPRV023-0000121,2025-07-03,synthetic_document_00030.pdf,sender031@example.test,recipient031@example.test,copy012@example.test,blind009@example.test,Synthetic subject 00030,,,Yes,,Yes
SYNEWPRV023-0000125,SYNEWPRV023-0000125,SYNEWPRV023-0000126,2025-08-04,synthetic_document_00031.pdf,sender001@example.test,recipient032@example.test,copy013@example.test,blind010@example.test,Synthetic subject 00031,,,,Yes,
SYNEWPRV023-0000129,SYNEWPRV023-0000129,SYNEWPRV023-0000131,2025-09-05,synthetic_document_00032.pdf,sender002@example.test,recipient033@example.test,copy014@example.test,blind011@example.test,Synthetic subject 00032,Yes,,,,
SYNEWPRV023-0000133,SYNEWPRV023-0000133,SYNEWPRV023-0000133,2025-10-06,synthetic_document_00033.pdf,sender003@example.test,recipient034@example.test,copy015@example.test,blind001@example.test,Synthetic subject 00033,,Yes,Yes,,
SYNEWPRV023-0000137,SYNEWPRV023-0000137,SYNEWPRV023-0000138,2025-11-07,synthetic_document_00034.pdf,sender004@example.test,recipient035@example.test,copy016@example.test,blind002@example.test,Synthetic subject 00034,,,,Yes,
SYNEWPRV023-0000141,SYNEWPRV023-0000141,SYNEWPRV023-0000143,2025-12-08,synthetic_document_00035.pdf,sender005@example.test,recipient036@example.test,copy017@example.test,blind003@example.test,Synthetic subject 00035,,,,,Yes
SYNEWPRV023-0000145,SYNEWPRV023-0000145,SYNEWPRV023-0000145,2025-01-09,synthetic_document_00036.pdf,sender006@example.test,recipient037@example.test,copy018@example.test,blind004@example.test,Synthetic subject 00036,Yes,,Yes,,
SYNEWPRV023-0000149,SYNEWPRV023-0000149,SYNEWPRV023-0000150,2025-02-10,synthetic_document_00037.pdf,sender007@example.test,recipient038@example.test,copy019@example.test,blind005@example.test,Synthetic subject 00037,,Yes,,Yes,
SYNEWPRV023-0000153,SYNEWPRV023-0000153,SYNEWPRV023-0000155,2025-03-11,synthetic_document_00038.pdf,sender008@example.test,recipient039@example.test,copy001@example.test,blind006@example.test,Synthetic subject 00038,,,,,
SYNEWPRV023-0000157,SYNEWPRV023-0000157,SYNEWPRV023-0000157,2025-04-12,synthetic_document_00039.pdf,sender009@example.test,recipient040@example.test,copy002@example.test,blind007@example.test,Synthetic subject 00039,,,Yes,,
SYNEWPRV023-0000161,SYNEWPRV023-0000161,SYNEWPRV023-0000162,2025-05-13,synthetic_document_00040.pdf,sender010@example.test,recipient041@example.test,copy003@example.test,blind008@example.test,Synthetic subject 00040,Yes,,,Yes,Yes
SYNEWPRV023-0000165,SYNEWPRV023-0000165,SYNEWPRV023-0000167,2025-06-14,synthetic_document_00041.pdf,sender011@example.test,recipient042@example.test,copy004@example.test,blind009@example.test,Synthetic subject 00041,,Yes,,,
SYNEWPRV023-0000169,SYNEWPRV023-0000169,SYNEWPRV023-0000169,2025-07-15,synthetic_document_00042.pdf,sender012@example.test,recipient043@example.test,copy005@example.test,blind010@example.test,Synthetic subject 00042,,,Yes,,
SYNEWPRV023-0000173,SYNEWPRV023-0000173,SYNEWPRV023-0000174,2025-08-16,synthetic_document_00043.pdf,sender013@example.test,recipient001@example.test,copy006@example.test,blind011@example.test,Synthetic subject 00043,,,,Yes,
SYNEWPRV023-0000177,SYNEWPRV023-0000177,SYNEWPRV023-0000179,2025-09-17,synthetic_document_00044.pdf,sender014@example.test,recipient002@example.test,copy007@example.test,blind001@example.test,Synthetic subject 00044,Yes,,,,
SYNEWPRV023-0000181,SYNEWPRV023-0000181,SYNEWPRV023-0000181,2025-10-18,synthetic_document_00045.pdf,sender015@example.test,recipient003@example.test,copy008@example.test,blind002@example.test,Synthetic subject 00045,,Yes,Yes,,Yes
SYNEWPRV023-0000185,SYNEWPRV023-0000185,SYNEWPRV023-0000186,2025-11-19,synthetic_document_00046.pdf,sender016@example.test,recipient004@example.test,copy009@example.test,blind003@example.test,Synthetic subject 00046,,,,Yes,
SYNEWPRV023-0000189,SYNEWPRV023-0000189,SYNEWPRV023-0000191,2025-12-20,synthetic_document_00047.pdf,sender017@example.test,recipient005@example.test,copy010@example.test,blind004@example.test,Synthetic subject 00047,,,,,
SYNEWPRV023-0000193,SYNEWPRV023-0000193,SYNEWPRV023-0000193,2025-01-21,synthetic_document_00048.pdf,sender018@example.test,recipient006@example.test,copy011@example.test,blind005@example.test,Synthetic subject 00048,Yes,,Yes,,
SYNEWPRV023-0000197,SYNEWPRV023-0000197,SYNEWPRV023-0000198,2025-02-22,synthetic_document_00049.pdf,sender019@example.test,recipient007@example.test,copy012@example.test,blind006@example.test,Synthetic subject 00049,,Yes,,Yes,
SYNEWPRV023-0000201,SYNEWPRV023-0000201,SYNEWPRV023-0000203,2025-03-23,synthetic_document_00050.pdf,sender020@example.test,recipient008@example.test,copy013@example.test,blind007@example.test,Synthetic subject 00050,,,,,Yes
SYNEWPRV023-0000205,SYNEWPRV023-0000205,SYNEWPRV023-0000205,2025-04-24,synthetic_document_00051.pdf,sender021@example.test,recipient009@example.test,copy014@example.test,blind008@example.test,Synthetic subject 00051,,,Yes,,
SYNEWPRV023-0000209,SYNEWPRV023-0000209,SYNEWPRV023-0000210,2025-05-25,synthetic_document_00052.pdf,sender022@example.test,recipient010@example.test,copy015@example.test,blind009@example.test,Synthetic subject 00052,Yes,,,Yes,
SYNEWPRV023-0000213,SYNEWPRV023-0000213,SYNEWPRV023-0000215,2025-06-26,synthetic_document_00053.pdf,sender023@example.test,recipient011@example.test,copy016@example.test,blind010@example.test,Synthetic subject 00053,,Yes,,,
SYNEWPRV023-0000217,SYNEWPRV023-0000217,SYNEWPRV023-0000217,2025-07-27,synthetic_document_00054.pdf,sender024@example.test,recipient012@example.test,copy017@example.test,blind011@example.test,Synthetic subject 00054,,,Yes,,
SYNEWPRV023-0000221,SYNEWPRV023-0000221,SYNEWPRV023-0000222,2025-08-28,synthetic_document_00055.pdf,sender025@example.test,recipient013@example.test,copy018@example.test,blind001@example.test,Synthetic subject 00055,,,,Yes,Yes
SYNEWPRV023-0000225,SYNEWPRV023-0000225,SYNEWPRV023-0000227,2025-09-01,synthetic_document_00056.pdf,sender026@example.test,recipient014@example.test,copy019@example.test,blind002@example.test,Synthetic subject 00056,Yes,,,,
SYNEWPRV023-0000229,SYNEWPRV023-0000229,SYNEWPRV023-0000229,2025-10-02,synthetic_document_00057.pdf,sender027@example.test,recipient015@example.test,copy001@example.test,blind003@example.test,Synthetic subject 00057,,Yes,Yes,,
SYNEWPRV023-0000233,SYNEWPRV023-0000233,SYNEWPRV023-0000234,2025-11-03,synthetic_document_00058.pdf,sender028@example.test,recipient016@example.test,copy002@example.test,blind004@example.test,Synthetic subject 00058,,,,Yes,
SYNEWPRV023-0000237,SYNEWPRV023-0000237,SYNEWPRV023-0000239,2025-12-04,synthetic_document_00059.pdf,sender029@example.test,recipient017@example.test,copy003@example.test,blind005@example.test,Synthetic subject 00059,,,,,
SYNEWPRV023-0000241,SYNEWPRV023-0000241,SYNEWPRV023-0000241,2025-01-05,synthetic_document_00060.pdf,sender030@example.test,recipient018@example.test,copy004@example.test,blind006@example.test,Synthetic subject 00060,Yes,,Yes,,Yes
SYNEWPRV023-0000245,SYNEWPRV023-0000245,SYNEWPRV023-0000246,2025-02-06,synthetic_document_00061.pdf,sender031@example.test,recipient019@example.test,copy005@example.test,blind007@example.test,Synthetic subject 00061,,Yes,,Yes,
SYNEWPRV023-0000249,SYNEWPRV023-0000249,SYNEWPRV023-0000251,2025-03-07,synthetic_document_00062.pdf,sender001@example.test,recipient020@example.test,copy006@example.test,blind008@example.test,Synthetic subject 00062,,,,,
SYNEWPRV023-0000253,SYNEWPRV023-0000253,SYNEWPRV023-0000253,2025-04-08,synthetic_document_00063.pdf,sender002@example.test,recipient021@example.test,copy007@example.test,blind009@example.test,Synthetic subject 00063,,,Yes,,
SYNEWPRV023-0000257,SYNEWPRV023-0000257,SYNEWPRV023-0000258,2025-05-09,synthetic_document_00064.pdf,sender003@example.test,recipient022@example.test,copy008@example.test,blind010@example.test,Synthetic subject 00064,Yes,,,Yes,
SYNEWPRV023-0000261,SYNEWPRV023-0000261,SYNEWPRV023-0000263,2025-06-10,synthetic_document_00065.pdf,sender004@example.test,recipient023@example.test,copy009@example.test,blind011@example.test,Synthetic subject 00065,,Yes,,,Yes
SYNEWPRV023-0000265,SYNEWPRV023-0000265,SYNEWPRV023-0000265,2025-07-11,synthetic_document_00066.pdf,sender005@example.test,recipient024@example.test,copy010@example.test,blind001@example.test,Synthetic subject 00066,,,Yes,,
SYNEWPRV023-0000269,SYNEWPRV023-0000269,SYNEWPRV023-0000270,2025-08-12,synthetic_document_00067.pdf,sender006@example.test,recipient025@example.test,copy011@example.test,blind002@example.test,Synthetic subject 00067,,,,Yes,
SYNEWPRV023-0000273,SYNEWPRV023-0000273,SYNEWPRV023-0000275,2025-09-13,synthetic_document_00068.pdf,sender007@example.test,recipient026@example.test,copy012@example.test,blind003@example.test,Synthetic subject 00068,Yes,,,,
SYNEWPRV023-0000277,SYNEWPRV023-0000277,SYNEWPRV023-0000277,2025-10-14,synthetic_document_00069.pdf,sender008@example.test,recipient027@example.test,copy013@example.test,blind004@example.test,Synthetic subject 00069,,Yes,Yes,,
SYNEWPRV023-0000281,SYNEWPRV023-0000281,SYNEWPRV023-0000282,2025-11-15,synthetic_document_00070.pdf,sender009@example.test,recipient028@example.test,copy014@example.test,blind005@example.test,Synthetic subject 00070,,,,Yes,Yes
SYNEWPRV023-0000285,SYNEWPRV023-0000285,SYNEWPRV023-0000287,2025-12-16,synthetic_document_00071.pdf,sender010@example.test,recipient029@example.test,copy015@example.test,blind006@example.test,Synthetic subject 00071,,,,,
SYNEWPRV023-0000289,SYNEWPRV023-0000289,SYNEWPRV023-0000289,2025-01-17,synthetic_document_00072.pdf,sender011@example.test,recipient030@example.test,copy016@example.test,blind007@example.test,Synthetic subject 00072,Yes,,Yes,,
SYNEWPRV023-0000293,SYNEWPRV023-0000293,SYNEWPRV023-0000294,2025-02-18,synthetic_document_00073.pdf,sender012@example.test,recipient031@example.test,copy017@example.test,blind008@example.test,Synthetic subject 00073,,Yes,,Yes,
SYNEWPRV023-0000297,SYNEWPRV023-0000297,SYNEWPRV023-0000299,2025-03-19,synthetic_document_00074.pdf,sender013@example.test,recipient032@example.test,copy018@example.test,blind009@example.test,Synthetic subject 00074,,,,,
SYNEWPRV023-0000301,SYNEWPRV023-0000301,SYNEWPRV023-0000301,2025-04-20,synthetic_document_00075.pdf,sender014@example.test,recipient033@example.test,copy019@example.test,blind010@example.test,Synthetic subject 00075,,,Yes,,Yes
SYNEWPRV023-0000305,SYNEWPRV023-0000305,SYNEWPRV023-0000306,2025-05-21,synthetic_document_00076.pdf,sender015@example.test,recipient034@example.test,copy001@example.test,blind011@example.test,Synthetic subject 00076,Yes,,,Yes,
SYNEWPRV023-0000309,SYNEWPRV023-0000309,SYNEWPRV023-0000311,2025-06-22,synthetic_document_00077.pdf,sender016@example.test,recipient035@example.test,copy002@example.test,blind001@example.test,Synthetic subject 00077,,Yes,,,
SYNEWPRV023-0000313,SYNEWPRV023-0000313,SYNEWPRV023-0000313,2025-07-23,synthetic_document_00078.pdf,sender017@example.test,recipient036@example.test,copy003@example.test,blind002@example.test,Synthetic subject 00078,,,Yes,,
SYNEWPRV023-0000317,SYNEWPRV023-0000317,SYNEWPRV023-0000318,2025-08-24,synthetic_document_00079.pdf,sender018@example.test,recipient037@example.test,copy004@example.test,blind003@example.test,Synthetic subject 00079,,,,Yes,
SYNEWPRV023-0000321,SYNEWPRV023-0000321,SYNEWPRV023-0000323,2025-09-25,synthetic_document_00080.pdf,sender019@example.test,recipient038@example.test,copy005@example.test,blind004@example.test,Synthetic subject 00080,Yes,,,,Yes
SYNEWPRV023-0000325,SYNEWPRV023-0000325,SYNEWPRV023-0000325,2025-10-26,synthetic_document_00081.pdf,sender020@example.test,recipient039@example.test,copy006@example.test,blind005@example.test,Synthetic subject 00081,,Yes,Yes,,
SYNEWPRV023-0000329,SYNEWPRV023-0000329,SYNEWPRV023-0000330,2025-11-27,synthetic_document_00082.pdf,sender021@example.test,recipient040@example.test,copy007@example.test,blind006@example.test,Synthetic subject 00082,,,,Yes,
SYNEWPRV023-0000333,SYNEWPRV023-0000333,SYNEWPRV023-0000335,2025-12-28,synthetic_document_00083.pdf,sender022@example.test,recipient041@example.test,copy008@example.test,blind007@example.test,Synthetic subject 00083,,,,,
SYNEWPRV023-0000337,SYNEWPRV023-0000337,SYNEWPRV023-0000337,2025-01-01,synthetic_document_00084.pdf,sender023@example.test,recipient042@example.test,copy009@example.test,blind008@example.test,Synthetic subject 00084,Yes,,Yes,,
SYNEWPRV023-0000341,SYNEWPRV023-0000341,SYNEWPRV023-0000342,2025-02-02,synthetic_document_00085.pdf,sender024@example.test,recipient043@example.test,copy010@example.test,blind009@example.test,Synthetic subject 00085,,Yes,,Yes,Yes
SYNEWPRV023-0000345,SYNEWPRV023-0000345,SYNEWPRV023-0000347,2025-03-03,synthetic_document_00086.pdf,sender025@example.test,recipient001@example.test,copy011@example.test,blind010@example.test,Synthetic subject 00086,,,,,
SYNEWPRV023-0000349,SYNEWPRV023-0000349,SYNEWPRV023-0000349,2025-04-04,synthetic_document_00087.pdf,sender026@example.test,recipient002@example.test,copy012@example.test,blind011@example.test,Synthetic subject 00087,,,Yes,,
SYNEWPRV023-0000353,SYNEWPRV023-0000353,SYNEWPRV023-0000354,2025-05-05,synthetic_document_00088.pdf,sender027@example.test,recipient003@example.test,copy013@example.test,blind001@example.test,Synthetic subject 00088,Yes,,,Yes,
SYNEWPRV023-0000357,SYNEWPRV023-0000357,SYNEWPRV023-0000359,2025-06-06,synthetic_document_00089.pdf,sender028@example.test,recipient004@example.test,copy014@example.test,blind002@example.test,Synthetic subject 00089,,Yes,,,
SYNEWPRV023-0000361,SYNEWPRV023-0000361,SYNEWPRV023-0000361,2025-07-07,synthetic_document_00090.pdf,sender029@example.test,recipient005@example.test,copy015@example.test,blind003@example.test,Synthetic subject 00090,,,Yes,,Yes
SYNEWPRV023-0000365,SYNEWPRV023-0000365,SYNEWPRV023-0000366,2025-08-08,synthetic_document_00091.pdf,sender030@example.test,recipient006@example.test,copy016@example.test,blind004@example.test,Synthetic subject 00091,,,,Yes,
SYNEWPRV023-0000369,SYNEWPRV023-0000369,SYNEWPRV023-0000371,2025-09-09,synthetic_document_00092.pdf,sender031@example.test,recipient007@example.test,copy017@example.test,blind005@example.test,Synthetic subject 00092,Yes,,,,
SYNEWPRV023-0000373,SYNEWPRV023-0000373,SYNEWPRV023-0000373,2025-10-10,synthetic_document_00093.pdf,sender001@example.test,recipient008@example.test,copy018@example.test,blind006@example.test,Synthetic subject 00093,,Yes,Yes,,
SYNEWPRV023-0000377,SYNEWPRV023-0000377,SYNEWPRV023-0000378,2025-11-11,synthetic_document_00094.pdf,sender002@example.test,recipient009@example.test,copy019@example.test,blind007@example.test,Synthetic subject 00094,,,,Yes,
SYNEWPRV023-0000381,SYNEWPRV023-0000381,SYNEWPRV023-0000383,2025-12-12,synthetic_document_00095.pdf,sender003@example.test,recipient010@example.test,copy001@example.test,blind008@example.test,Synthetic subject 00095,,,,,Yes
SYNEWPRV023-0000385,SYNEWPRV023-0000385,SYNEWPRV023-0000385,2025-01-13,synthetic_document_00096.pdf,sender004@example.test,recipient011@example.test,copy002@example.test,blind009@example.test,Synthetic subject 00096,Yes,,Yes,,
SYNEWPRV023-0000389,SYNEWPRV023-0000389,SYNEWPRV023-0000390,2025-02-14,synthetic_document_00097.pdf,sender005@example.test,recipient012@example.test,copy003@example.test,blind010@example.test,Synthetic subject 00097,,Yes,,Yes,
SYNEWPRV023-0000393,SYNEWPRV023-0000393,SYNEWPRV023-0000395,2025-03-15,synthetic_document_00098.pdf,sender006@example.test,recipient013@example.test,copy004@example.test,blind011@example.test,Synthetic subject 00098,,,,,
SYNEWPRV023-0000397,SYNEWPRV023-0000397,SYNEWPRV023-0000397,2025-04-16,synthetic_document_00099.pdf,sender007@example.test,recipient014@example.test,copy005@example.test,blind001@example.test,Synthetic subject 00099,,,Yes,,
SYNEWPRV023-0000401,SYNEWPRV023-0000401,SYNEWPRV023-0000402,2025-05-17,synthetic_document_00100.pdf,sender008@example.test,recipient015@example.test,copy006@example.test,blind002@example.test,Synthetic subject 00100,Yes,,,Yes,Yes
SYNEWPRV023-0000405,SYNEWPRV023-0000405,SYNEWPRV023-0000407,2025-06-18,synthetic_document_00101.pdf,sender009@example.test,recipient016@example.test,copy007@example.test,blind003@example.test,Synthetic subject 00101,,Yes,,,
SYNEWPRV023-0000409,SYNEWPRV023-0000409,SYNEWPRV023-0000409,2025-07-19,synthetic_document_00102.pdf,sender010@example.test,recipient017@example.test,copy008@example.test,blind004@example.test,Synthetic subject 00102,,,Yes,,
SYNEWPRV023-0000413,SYNEWPRV023-0000413,SYNEWPRV023-0000414,2025-08-20,synthetic_document_00103.pdf,sender011@example.test,recipient018@example.test,copy009@example.test,blind005@example.test,Synthetic subject 00103,,,,Yes,
SYNEWPRV023-0000417,SYNEWPRV023-0000417,SYNEWPRV023-0000419,2025-09-21,synthetic_document_00104.pdf,sender012@example.test,recipient019@example.test,copy010@example.test,blind006@example.test,Synthetic subject 00104,Yes,,,,
SYNEWPRV023-0000421,SYNEWPRV023-0000421,SYNEWPRV023-0000421,2025-10-22,synthetic_document_00105.pdf,sender013@example.test,recipient020@example.test,copy011@example.test,blind007@example.test,Synthetic subject 00105,,Yes,Yes,,Yes
SYNEWPRV023-0000425,SYNEWPRV023-0000425,SYNEWPRV023-0000426,2025-11-23,synthetic_document_00106.pdf,sender014@example.test,recipient021@example.test,copy012@example.test,blind008@example.test,Synthetic subject 00106,,,,Yes,
SYNEWPRV023-0000429,SYNEWPRV023-0000429,SYNEWPRV023-0000431,2025-12-24,synthetic_document_00107.pdf,sender015@example.test,recipient022@example.test,copy013@example.test,blind009@example.test,Synthetic subject 00107,,,,,
SYNEWPRV023-0000433,SYNEWPRV023-0000433,SYNEWPRV023-0000433,2025-01-25,synthetic_document_00108.pdf,sender016@example.test,recipient023@example.test,copy014@example.test,blind010@example.test,Synthetic subject 00108,Yes,,Yes,,
SYNEWPRV023-0000437,SYNEWPRV023-0000437,SYNEWPRV023-0000438,2025-02-26,synthetic_document_00109.pdf,sender017@example.test,recipient024@example.test,copy015@example.test,blind011@example.test,Synthetic subject 00109,,Yes,,Yes,
SYNEWPRV023-0000441,SYNEWPRV023-0000441,SYNEWPRV023-0000443,2025-03-27,synthetic_document_00110.pdf,sender018@example.test,recipient025@example.test,copy016@example.test,blind001@example.test,Synthetic subject 00110,,,,,Yes
SYNEWPRV023-0000445,SYNEWPRV023-0000445,SYNEWPRV023-0000445,2025-04-28,synthetic_document_00111.pdf,sender019@example.test,recipient026@example.test,copy017@example.test,blind002@example.test,Synthetic subject 00111,,,Yes,,
SYNEWPRV023-0000449,SYNEWPRV023-0000449,SYNEWPRV023-0000450,2025-05-01,synthetic_document_00112.pdf,sender020@example.test,recipient027@example.test,copy018@example.test,blind003@example.test,Synthetic subject 00112,Yes,,,Yes,
SYNEWPRV023-0000453,SYNEWPRV023-0000453,SYNEWPRV023-0000455,2025-06-02,synthetic_document_00113.pdf,sender021@example.test,recipient028@example.test,copy019@example.test,blind004@example.test,Synthetic subject 00113,,Yes,,,
SYNEWPRV023-0000457,SYNEWPRV023-0000457,SYNEWPRV023-0000457,2025-07-03,synthetic_document_00114.pdf,sender022@example.test,recipient029@example.test,copy001@example.test,blind005@example.test,Synthetic subject 00114,,,Yes,,
SYNEWPRV023-0000461,SYNEWPRV023-0000461,SYNEWPRV023-0000462,2025-08-04,synthetic_document_00115.pdf,sender023@example.test,recipient030@example.test,copy002@example.test,blind006@example.test,Synthetic subject 00115,,,,Yes,Yes
SYNEWPRV023-0000465,SYNEWPRV023-0000465,SYNEWPRV023-0000467,2025-09-05,synthetic_document_00116.pdf,sender024@example.test,recipient031@example.test,copy003@example.test,blind007@example.test,Synthetic subject 00116,Yes,,,,
SYNEWPRV023-0000469,SYNEWPRV023-0000469,SYNEWPRV023-0000469,2025-10-06,synthetic_document_00117.pdf,sender025@example.test,recipient032@example.test,copy004@example.test,blind008@example.test,Synthetic subject 00117,,Yes,Yes,,
SYNEWPRV023-0000473,SYNEWPRV023-0000473,SYNEWPRV023-0000474,2025-11-07,synthetic_document_00118.pdf,sender026@example.test,recipient033@example.test,copy005@example.test,blind009@example.test,Synthetic subject 00118,,,,Yes,
SYNEWPRV023-0000477,SYNEWPRV023-0000477,SYNEWPRV023-0000479,2025-12-08,synthetic_document_00119.pdf,sender027@example.test,recipient034@example.test,copy006@example.test,blind010@example.test,Synthetic subject 00119,,,,,
SYNEWPRV023-0000481,SYNEWPRV023-0000481,SYNEWPRV023-0000481,2025-01-09,synthetic_document_00120.pdf,sender028@example.test,recipient035@example.test,copy007@example.test,blind011@example.test,Synthetic subject 00120,Yes,,Yes,,Yes
SYNEWPRV023-0000485,SYNEWPRV023-0000485,SYNEWPRV023-0000486,2025-02-10,synthetic_document_00121.pdf,sender029@example.test,recipient036@example.test,copy008@example.test,blind001@example.test,Synthetic subject 00121,,Yes,,Yes,
SYNEWPRV023-0000489,SYNEWPRV023-0000489,SYNEWPRV023-0000491,2025-03-11,synthetic_document_00122.pdf,sender030@example.test,recipient037@example.test,copy009@example.test,blind002@example.test,Synthetic subject 00122,,,,,
SYNEWPRV023-0000493,SYNEWPRV023-0000493,SYNEWPRV023-0000493,2025-04-12,synthetic_document_00123.pdf,sender031@example.test,recipient038@example.test,copy010@example.test,blind003@example.test,Synthetic subject 00123,,,Yes,,
SYNEWPRV023-0000497,SYNEWPRV023-0000497,SYNEWPRV023-0000498,2025-05-13,synthetic_document_00124.pdf,sender001@example.test,recipient039@example.test,copy011@example.test,blind004@example.test,Synthetic subject 00124,Yes,,,Yes,
SYNEWPRV023-0000501,SYNEWPRV023-0000501,SYNEWPRV023-0000503,2025-06-14,synthetic_document_00125.pdf,sender002@example.test,recipient040@example.test,copy012@example.test,blind005@example.test,Synthetic subject 00125,,Yes,,,Yes
SYNEWPRV023-0000505,SYNEWPRV023-0000505,SYNEWPRV023-0000505,2025-07-15,synthetic_document_00126.pdf,sender003@example.test,recipient041@example.test,copy013@example.test,blind006@example.test,Synthetic subject 00126,,,Yes,,
SYNEWPRV023-0000509,SYNEWPRV023-0000509,SYNEWPRV023-0000510,2025-08-16,synthetic_document_00127.pdf,sender004@example.test,recipient042@example.test,copy014@example.test,blind007@example.test,Synthetic subject 00127,,,,Yes,
SYNEWPRV023-0000513,SYNEWPRV023-0000513,SYNEWPRV023-0000515,2025-09-17,synthetic_document_00128.pdf,sender005@example.test,recipient043@example.test,copy015@example.test,blind008@example.test,Synthetic subject 00128,Yes,,,,
SYNEWPRV023-0000517,SYNEWPRV023-0000517,SYNEWPRV023-0000517,2025-10-18,synthetic_document_00129.pdf,sender006@example.test,recipient001@example.test,copy016@example.test,blind009@example.test,Synthetic subject 00129,,Yes,Yes,,
SYNEWPRV023-0000521,SYNEWPRV023-0000521,SYNEWPRV023-0000522,2025-11-19,synthetic_document_00130.pdf,sender007@example.test,recipient002@example.test,copy017@example.test,blind010@example.test,Synthetic subject 00130,,,,Yes,Yes
SYNEWPRV023-0000525,SYNEWPRV023-0000525,SYNEWPRV023-0000527,2025-12-20,synthetic_document_00131.pdf,sender008@example.test,recipient003@example.test,copy018@example.test,blind011@example.test,Synthetic subject 00131,,,,,
SYNEWPRV023-0000529,SYNEWPRV023-0000529,SYNEWPRV023-0000529,2025-01-21,synthetic_document_00132.pdf,sender009@example.test,recipient004@example.test,copy019@example.test,blind001@example.test,Synthetic subject 00132,Yes,,Yes,,
SYNEWPRV023-0000533,SYNEWPRV023-0000533,SYNEWPRV023-0000534,2025-02-22,synthetic_document_00133.pdf,sender010@example.test,recipient005@example.test,copy001@example.test,blind002@example.test,Synthetic subject 00133,,Yes,,Yes,
SYNEWPRV023-0000537,SYNEWPRV023-0000537,SYNEWPRV023-0000539,2025-03-23,synthetic_document_00134.pdf,sender011@example.test,recipient006@example.test,copy002@example.test,blind003@example.test,Synthetic subject 00134,,,,,
SYNEWPRV023-0000541,SYNEWPRV023-0000541,SYNEWPRV023-0000541,2025-04-24,synthetic_document_00135.pdf,sender012@example.test,recipient007@example.test,copy003@example.test,blind004@example.test,Synthetic subject 00135,,,Yes,,Yes
SYNEWPRV023-0000545,SYNEWPRV023-0000545,SYNEWPRV023-0000546,2025-05-25,synthetic_document_00136.pdf,sender013@example.test,recipient008@example.test,copy004@example.test,blind005@example.test,Synthetic subject 00136,Yes,,,Yes,
SYNEWPRV023-0000549,SYNEWPRV023-0000549,SYNEWPRV023-0000551,2025-06-26,synthetic_document_00137.pdf,sender014@example.test,recipient009@example.test,copy005@example.test,blind006@example.test,Synthetic subject 00137,,Yes,,,
SYNEWPRV023-0000553,SYNEWPRV023-0000553,SYNEWPRV023-0000553,2025-07-27,synthetic_document_00138.pdf,sender015@example.test,recipient010@example.test,copy006@example.test,blind007@example.test,Synthetic subject 00138,,,Yes,,
SYNEWPRV023-0000557,SYNEWPRV023-0000557,SYNEWPRV023-0000558,2025-08-28,synthetic_document_00139.pdf,sender016@example.test,recipient011@example.test,copy007@example.test,blind008@example.test,Synthetic subject 00139,,,,Yes,
SYNEWPRV023-0000561,SYNEWPRV023-0000561,SYNEWPRV023-0000563,2025-09-01,synthetic_document_00140.pdf,sender017@example.test,recipient012@example.test,copy008@example.test,blind009@example.test,Synthetic subject 00140,Yes,,,,Yes
SYNEWPRV023-0000565,SYNEWPRV023-0000565,SYNEWPRV023-0000565,2025-10-02,synthetic_document_00141.pdf,sender018@example.test,recipient013@example.test,copy009@example.test,blind010@example.test,Synthetic subject 00141,,Yes,Yes,,
SYNEWPRV023-0000569,SYNEWPRV023-0000569,SYNEWPRV023-0000570,2025-11-03,synthetic_document_00142.pdf,sender019@example.test,recipient014@example.test,copy010@example.test,blind011@example.test,Synthetic subject 00142,,,,Yes,
SYNEWPRV023-0000573,SYNEWPRV023-0000573,SYNEWPRV023-0000575,2025-12-04,synthetic_document_00143.pdf,sender020@example.test,recipient015@example.test,copy011@example.test,blind001@example.test,Synthetic subject 00143,,,,,
SYNEWPRV023-0000577,SYNEWPRV023-0000577,SYNEWPRV023-0000577,2025-01-05,synthetic_document_00144.pdf,sender021@example.test,recipient016@example.test,copy012@example.test,blind002@example.test,Synthetic subject 00144,Yes,,Yes,,
SYNEWPRV023-0000581,SYNEWPRV023-0000581,SYNEWPRV023-0000582,2025-02-06,synthetic_document_00145.pdf,sender022@example.test,recipient017@example.test,copy013@example.test,blind003@example.test,Synthetic subject 00145,,Yes,,Yes,Yes
SYNEWPRV023-0000585,SYNEWPRV023-0000585,SYNEWPRV023-0000587,2025-03-07,synthetic_document_00146.pdf,sender023@example.test,recipient018@example.test,copy014@example.test,blind004@example.test,Synthetic subject 00146,,,,,
SYNEWPRV023-0000589,SYNEWPRV023-0000589,SYNEWPRV023-0000589,2025-04-08,synthetic_document_00147.pdf,sender024@example.test,recipient019@example.test,copy015@example.test,blind005@example.test,Synthetic subject 00147,,,Yes,,
SYNEWPRV023-0000593,SYNEWPRV023-0000593,SYNEWPRV023-0000594,2025-05-09,synthetic_document_00148.pdf,sender025@example.test,recipient020@example.test,copy016@example.test,blind006@example.test,Synthetic subject 00148,Yes,,,Yes,
SYNEWPRV023-0000597,SYNEWPRV023-0000597,SYNEWPRV023-0000599,2025-06-10,synthetic_document_00149.pdf,sender026@example.test,recipient021@example.test,copy017@example.test,blind007@example.test,Synthetic subject 00149,,Yes,,,
SYNEWPRV023-0000601,SYNEWPRV023-0000601,SYNEWPRV023-0000601,2025-07-11,synthetic_document_00150.pdf,sender027@example.test,recipient022@example.test,copy018@example.test,blind008@example.test,Synthetic subject 00150,,,Yes,,Yes
SYNEWPRV023-0000605,SYNEWPRV023-0000605,SYNEWPRV023-0000606,2025-08-12,synthetic_document_00151.pdf,sender028@example.test,recipient023@example.test,copy019@example.test,blind009@example.test,Synthetic subject 00151,,,,Yes,
SYNEWPRV023-0000609,SYNEWPRV023-0000609,SYNEWPRV023-0000611,2025-09-13,synthetic_document_00152.pdf,sender029@example.test,recipient024@example.test,copy001@example.test,blind010@example.test,Synthetic subject 00152,Yes,,,,
SYNEWPRV023-0000613,SYNEWPRV023-0000613,SYNEWPRV023-0000613,2025-10-14,synthetic_document_00153.pdf,sender030@example.test,recipient025@example.test,copy002@example.test,blind011@example.test,Synthetic subject 00153,,Yes,Yes,,
SYNEWPRV023-0000617,SYNEWPRV023-0000617,SYNEWPRV023-0000618,2025-11-15,synthetic_document_00154.pdf,sender031@example.test,recipient026@example.test,copy003@example.test,blind001@example.test,Synthetic subject 00154,,,,Yes,
SYNEWPRV023-0000621,SYNEWPRV023-0000621,SYNEWPRV023-0000623,2025-12-16,synthetic_document_00155.pdf,sender001@example.test,recipient027@example.test,copy004@example.test,blind002@example.test,Synthetic subject 00155,,,,,Yes
SYNEWPRV023-0000625,SYNEWPRV023-0000625,SYNEWPRV023-0000625,2025-01-17,synthetic_document_00156.pdf,sender002@example.test,recipient028@example.test,copy005@example.test,blind003@example.test,Synthetic subject 00156,Yes,,Yes,,
SYNEWPRV023-0000629,SYNEWPRV023-0000629,SYNEWPRV023-0000630,2025-02-18,synthetic_document_00157.pdf,sender003@example.test,recipient029@example.test,copy006@example.test,blind004@example.test,Synthetic subject 00157,,Yes,,Yes,
SYNEWPRV023-0000633,SYNEWPRV023-0000633,SYNEWPRV023-0000635,2025-03-19,synthetic_document_00158.pdf,sender004@example.test,recipient030@example.test,copy007@example.test,blind005@example.test,Synthetic subject 00158,,,,,
SYNEWPRV023-0000637,SYNEWPRV023-0000637,SYNEWPRV023-0000637,2025-04-20,synthetic_document_00159.pdf,sender005@example.test,recipient031@example.test,copy008@example.test,blind006@example.test,Synthetic subject 00159,,,Yes,,
SYNEWPRV023-0000641,SYNEWPRV023-0000641,SYNEWPRV023-0000642,2025-05-21,synthetic_document_00160.pdf,sender006@example.test,recipient032@example.test,copy009@example.test,blind007@example.test,Synthetic subject 00160,Yes,,,Yes,Yes
SYNEWPRV023-0000645,SYNEWPRV023-0000645,SYNEWPRV023-0000647,2025-06-22,synthetic_document_00161.pdf,sender007@example.test,recipient033@example.test,copy010@example.test,blind008@example.test,Synthetic subject 00161,,Yes,,,
SYNEWPRV023-0000649,SYNEWPRV023-0000649,SYNEWPRV023-0000649,2025-07-23,synthetic_document_00162.pdf,sender008@example.test,recipient034@example.test,copy011@example.test,blind009@example.test,Synthetic subject 00162,,,Yes,,
SYNEWPRV023-0000653,SYNEWPRV023-0000653,SYNEWPRV023-0000654,2025-08-24,synthetic_document_00163.pdf,sender009@example.test,recipient035@example.test,copy012@example.test,blind010@example.test,Synthetic subject 00163,,,,Yes,
SYNEWPRV023-0000657,SYNEWPRV023-0000657,SYNEWPRV023-0000659,2025-09-25,synthetic_document_00164.pdf,sender010@example.test,recipient036@example.test,copy013@example.test,blind011@example.test,Synthetic subject 00164,Yes,,,,
SYNEWPRV023-0000661,SYNEWPRV023-0000661,SYNEWPRV023-0000661,2025-10-26,synthetic_document_00165.pdf,sender011@example.test,recipient037@example.test,copy014@example.test,blind001@example.test,Synthetic subject 00165,,Yes,Yes,,Yes
SYNEWPRV023-0000665,SYNEWPRV023-0000665,SYNEWPRV023-0000666,2025-11-27,synthetic_document_00166.pdf,sender012@example.test,recipient038@example.test,copy015@example.test,blind002@example.test,Synthetic subject 00166,,,,Yes,
SYNEWPRV023-0000669,SYNEWPRV023-0000669,SYNEWPRV023-0000671,2025-12-28,synthetic_document_00167.pdf,sender013@example.test,recipient039@example.test,copy016@example.test,blind003@example.test,Synthetic subject 00167,,,,,
SYNEWPRV023-0000673,SYNEWPRV023-0000673,SYNEWPRV023-0000673,2025-01-01,synthetic_document_00168.pdf,sender014@example.test,recipient040@example.test,copy017@example.test,blind004@example.test,Synthetic subject 00168,Yes,,Yes,,
SYNEWPRV023-0000677,SYNEWPRV023-0000677,SYNEWPRV023-0000678,2025-02-02,synthetic_document_00169.pdf,sender015@example.test,recipient041@example.test,copy018@example.test,blind005@example.test,Synthetic subject 00169,,Yes,,Yes,
SYNEWPRV023-0000681,SYNEWPRV023-0000681,SYNEWPRV023-0000683,2025-03-03,synthetic_document_00170.pdf,sender016@example.test,recipient042@example.test,copy019@example.test,blind006@example.test,Synthetic subject 00170,,,,,Yes
SYNEWPRV023-0000685,SYNEWPRV023-0000685,SYNEWPRV023-0000685,2025-04-04,synthetic_document_00171.pdf,sender017@example.test,recipient043@example.test,copy001@example.test,blind007@example.test,Synthetic subject 00171,,,Yes,,
SYNEWPRV023-0000689,SYNEWPRV023-0000689,SYNEWPRV023-0000690,2025-05-05,synthetic_document_00172.pdf,sender018@example.test,recipient001@example.test,copy002@example.test,blind008@example.test,Synthetic subject 00172,Yes,,,Yes,
SYNEWPRV023-0000693,SYNEWPRV023-0000693,SYNEWPRV023-0000695,2025-06-06,synthetic_document_00173.pdf,sender019@example.test,recipient002@example.test,copy003@example.test,blind009@example.test,Synthetic subject 00173,,Yes,,,
SYNEWPRV023-0000697,SYNEWPRV023-0000697,SYNEWPRV023-0000697,2025-07-07,synthetic_document_00174.pdf,sender020@example.test,recipient003@example.test,copy004@example.test,blind010@example.test,Synthetic subject 00174,,,Yes,,
SYNEWPRV023-0000701,SYNEWPRV023-0000701,SYNEWPRV023-0000702,2025-08-08,synthetic_document_00175.pdf,sender021@example.test,recipient004@example.test,copy005@example.test,blind011@example.test,Synthetic subject 00175,,,,Yes,Yes
SYNEWPRV023-0000705,SYNEWPRV023-0000705,SYNEWPRV023-0000707,2025-09-09,synthetic_document_00176.pdf,sender022@example.test,recipient005@example.test,copy006@example.test,blind001@example.test,Synthetic subject 00176,Yes,,,,
SYNEWPRV023-0000709,SYNEWPRV023-0000709,SYNEWPRV023-0000709,2025-10-10,synthetic_document_00177.pdf,sender023@example.test,recipient006@example.test,copy007@example.test,blind002@example.test,Synthetic subject 00177,,Yes,Yes,,
SYNEWPRV023-0000713,SYNEWPRV023-0000713,SYNEWPRV023-0000714,2025-11-11,synthetic_document_00178.pdf,sender024@example.test,recipient007@example.test,copy008@example.test,blind003@example.test,Synthetic subject 00178,,,,Yes,
SYNEWPRV023-0000717,SYNEWPRV023-0000717,SYNEWPRV023-0000719,2025-12-12,synthetic_document_00179.pdf,sender025@example.test,recipient008@example.test,copy009@example.test,blind004@example.test,Synthetic subject 00179,,,,,
SYNEWPRV023-0000721,SYNEWPRV023-0000721,SYNEWPRV023-0000721,2025-01-13,synthetic_document_00180.pdf,sender026@example.test,recipient009@example.test,copy010@example.test,blind005@example.test,Synthetic subject 00180,Yes,,Yes,,Yes
SYNEWPRV023-0000725,SYNEWPRV023-0000725,SYNEWPRV023-0000726,2025-02-14,synthetic_document_00181.pdf,sender027@example.test,recipient010@example.test,copy011@example.test,blind006@example.test,Synthetic subject 00181,,Yes,,Yes,
SYNEWPRV023-0000729,SYNEWPRV023-0000729,SYNEWPRV023-0000731,2025-03-15,synthetic_document_00182.pdf,sender028@example.test,recipient011@example.test,copy012@example.test,blind007@example.test,Synthetic subject 00182,,,,,
SYNEWPRV023-0000733,SYNEWPRV023-0000733,SYNEWPRV023-0000733,2025-04-16,synthetic_document_00183.pdf,sender029@example.test,recipient012@example.test,copy013@example.test,blind008@example.test,Synthetic subject 00183,,,Yes,,
SYNEWPRV023-0000737,SYNEWPRV023-0000737,SYNEWPRV023-0000738,2025-05-17,synthetic_document_00184.pdf,sender030@example.test,recipient013@example.test,copy014@example.test,blind009@example.test,Synthetic subject 00184,Yes,,,Yes,
SYNEWPRV023-0000741,SYNEWPRV023-0000741,SYNEWPRV023-0000743,2025-06-18,synthetic_document_00185.pdf,sender031@example.test,recipient014@example.test,copy015@example.test,blind010@example.test,Synthetic subject 00185,,Yes,,,Yes
SYNEWPRV023-0000745,SYNEWPRV023-0000745,SYNEWPRV023-0000745,2025-07-19,synthetic_document_00186.pdf,sender001@example.test,recipient015@example.test,copy016@example.test,blind011@example.test,Synthetic subject 00186,,,Yes,,
SYNEWPRV023-0000749,SYNEWPRV023-0000749,SYNEWPRV023-0000750,2025-08-20,synthetic_document_00187.pdf,sender002@example.test,recipient016@example.test,copy017@example.test,blind001@example.test,Synthetic subject 00187,,,,Yes,
SYNEWPRV023-0000753,SYNEWPRV023-0000753,SYNEWPRV023-0000755,2025-09-21,synthetic_document_00188.pdf,sender003@example.test,recipient017@example.test,copy018@example.test,blind002@example.test,Synthetic subject 00188,Yes,,,,
SYNEWPRV023-0000757,SYNEWPRV023-0000757,SYNEWPRV023-0000757,2025-10-22,synthetic_document_00189.pdf,sender004@example.test,recipient018@example.test,copy019@example.test,blind003@example.test,Synthetic subject 00189,,Yes,Yes,,
SYNEWPRV023-0000761,SYNEWPRV023-0000761,SYNEWPRV023-0000762,2025-11-23,synthetic_document_00190.pdf,sender005@example.test,recipient019@example.test,copy001@example.test,blind004@example.test,Synthetic subject 00190,,,,Yes,Yes
SYNEWPRV023-0000765,SYNEWPRV023-0000765,SYNEWPRV023-0000767,2025-12-24,synthetic_document_00191.pdf,sender006@example.test,recipient020@example.test,copy002@example.test,blind005@example.test,Synthetic subject 00191,,,,,
SYNEWPRV023-0000769,SYNEWPRV023-0000769,SYNEWPRV023-0000769,2025-01-25,synthetic_document_00192.pdf,sender007@example.test,recipient021@example.test,copy003@example.test,blind006@example.test,Synthetic subject 00192,Yes,,Yes,,
SYNEWPRV023-0000773,SYNEWPRV023-0000773,SYNEWPRV023-0000774,2025-02-26,synthetic_document_00193.pdf,sender008@example.test,recipient022@example.test,copy004@example.test,blind007@example.test,Synthetic subject 00193,,Yes,,Yes,
SYNEWPRV023-0000777,SYNEWPRV023-0000777,SYNEWPRV023-0000779,2025-03-27,synthetic_document_00194.pdf,sender009@example.test,recipient023@example.test,copy005@example.test,blind008@example.test,Synthetic subject 00194,,,,,
SYNEWPRV023-0000781,SYNEWPRV023-0000781,SYNEWPRV023-0000781,2025-04-28,synthetic_document_00195.pdf,sender010@example.test,recipient024@example.test,copy006@example.test,blind009@example.test,Synthetic subject 00195,,,Yes,,Yes
SYNEWPRV023-0000785,SYNEWPRV023-0000785,SYNEWPRV023-0000786,2025-05-01,synthetic_document_00196.pdf,sender011@example.test,recipient025@example.test,copy007@example.test,blind010@example.test,Synthetic subject 00196,Yes,,,Yes,
SYNEWPRV023-0000789,SYNEWPRV023-0000789,SYNEWPRV023-0000791,2025-06-02,synthetic_document_00197.pdf,sender012@example.test,recipient026@example.test,copy008@example.test,blind011@example.test,Synthetic subject 00197,,Yes,,,
SYNEWPRV023-0000793,SYNEWPRV023-0000793,SYNEWPRV023-0000793,2025-07-03,synthetic_document_00198.pdf,sender013@example.test,recipient027@example.test,copy009@example.test,blind001@example.test,Synthetic subject 00198,,,Yes,,
SYNEWPRV023-0000797,SYNEWPRV023-0000797,SYNEWPRV023-0000798,2025-08-04,synthetic_document_00199.pdf,sender014@example.test,recipient028@example.test,copy010@example.test,blind002@example.test,Synthetic subject 00199,,,,Yes,
SYNEWPRV023-0000801,SYNEWPRV023-0000801,SYNEWPRV023-0000803,2025-09-05,synthetic_document_00200.pdf,sender015@example.test,recipient029@example.test,copy011@example.test,blind003@example.test,Synthetic subject 00200,Yes,,,,Yes
SYNEWPRV023-0000805,SYNEWPRV023-0000805,SYNEWPRV023-0000805,2025-10-06,synthetic_document_00201.pdf,sender016@example.test,recipient030@example.test,copy012@example.test,blind004@example.test,Synthetic subject 00201,,Yes,Yes,,
SYNEWPRV023-0000809,SYNEWPRV023-0000809,SYNEWPRV023-0000810,2025-11-07,synthetic_document_00202.pdf,sender017@example.test,recipient031@example.test,copy013@example.test,blind005@example.test,Synthetic subject 00202,,,,Yes,
SYNEWPRV023-0000813,SYNEWPRV023-0000813,SYNEWPRV023-0000815,2025-12-08,synthetic_document_00203.pdf,sender018@example.test,recipient032@example.test,copy014@example.test,blind006@example.test,Synthetic subject 00203,,,,,
SYNEWPRV023-0000817,SYNEWPRV023-0000817,SYNEWPRV023-0000817,2025-01-09,synthetic_document_00204.pdf,sender019@example.test,recipient033@example.test,copy015@example.test,blind007@example.test,Synthetic subject 00204,Yes,,Yes,,
SYNEWPRV023-0000821,SYNEWPRV023-0000821,SYNEWPRV023-0000822,2025-02-10,synthetic_document_00205.pdf,sender020@example.test,recipient034@example.test,copy016@example.test,blind008@example.test,Synthetic subject 00205,,Yes,,Yes,Yes
SYNEWPRV023-0000825,SYNEWPRV023-0000825,SYNEWPRV023-0000827,2025-03-11,synthetic_document_00206.pdf,sender021@example.test,recipient035@example.test,copy017@example.test,blind009@example.test,Synthetic subject 00206,,,,,
SYNEWPRV023-0000829,SYNEWPRV023-0000829,SYNEWPRV023-0000829,2025-04-12,synthetic_document_00207.pdf,sender022@example.test,recipient036@example.test,copy018@example.test,blind010@example.test,Synthetic subject 00207,,,Yes,,
SYNEWPRV023-0000833,SYNEWPRV023-0000833,SYNEWPRV023-0000834,2025-05-13,synthetic_document_00208.pdf,sender023@example.test,recipient037@example.test,copy019@example.test,blind011@example.test,Synthetic subject 00208,Yes,,,Yes,
SYNEWPRV023-0000837,SYNEWPRV023-0000837,SYNEWPRV023-0000839,2025-06-14,synthetic_document_00209.pdf,sender024@example.test,recipient038@example.test,copy001@example.test,blind001@example.test,Synthetic subject 00209,,Yes,,,
SYNEWPRV023-0000841,SYNEWPRV023-0000841,SYNEWPRV023-0000841,2025-07-15,synthetic_document_00210.pdf,sender025@example.test,recipient039@example.test,copy002@example.test,blind002@example.test,Synthetic subject 00210,,,Yes,,Yes
SYNEWPRV023-0000845,SYNEWPRV023-0000845,SYNEWPRV023-0000846,2025-08-16,synthetic_document_00211.pdf,sender026@example.test,recipient040@example.test,copy003@example.test,blind003@example.test,Synthetic subject 00211,,,,Yes,
SYNEWPRV023-0000849,SYNEWPRV023-0000849,SYNEWPRV023-0000851,2025-09-17,synthetic_document_00212.pdf,sender027@example.test,recipient041@example.test,copy004@example.test,blind004@example.test,Synthetic subject 00212,Yes,,,,
SYNEWPRV023-0000853,SYNEWPRV023-0000853,SYNEWPRV023-0000853,2025-10-18,synthetic_document_00213.pdf,sender028@example.test,recipient042@example.test,copy005@example.test,blind005@example.test,Synthetic subject 00213,,Yes,Yes,,
SYNEWPRV023-0000857,SYNEWPRV023-0000857,SYNEWPRV023-0000858,2025-11-19,synthetic_document_00214.pdf,sender029@example.test,recipient043@example.test,copy006@example.test,blind006@example.test,Synthetic subject 00214,,,,Yes,
SYNEWPRV023-0000861,SYNEWPRV023-0000861,SYNEWPRV023-0000863,2025-12-20,synthetic_document_00215.pdf,sender030@example.test,recipient001@example.test,copy007@example.test,blind007@example.test,Synthetic subject 00215,,,,,Yes
SYNEWPRV023-0000865,SYNEWPRV023-0000865,SYNEWPRV023-0000865,2025-01-21,synthetic_document_00216.pdf,sender031@example.test,recipient002@example.test,copy008@example.test,blind008@example.test,Synthetic subject 00216,Yes,,Yes,,
SYNEWPRV023-0000869,SYNEWPRV023-0000869,SYNEWPRV023-0000870,2025-02-22,synthetic_document_00217.pdf,sender001@example.test,recipient003@example.test,copy009@example.test,blind009@example.test,Synthetic subject 00217,,Yes,,Yes,
SYNEWPRV023-0000873,SYNEWPRV023-0000873,SYNEWPRV023-0000875,2025-03-23,synthetic_document_00218.pdf,sender002@example.test,recipient004@example.test,copy010@example.test,blind010@example.test,Synthetic subject 00218,,,,,
SYNEWPRV023-0000877,SYNEWPRV023-0000877,SYNEWPRV023-0000877,2025-04-24,synthetic_document_00219.pdf,sender003@example.test,recipient005@example.test,copy011@example.test,blind011@example.test,Synthetic subject 00219,,,Yes,,
SYNEWPRV023-0000881,SYNEWPRV023-0000881,SYNEWPRV023-0000882,2025-05-25,synthetic_document_00220.pdf,sender004@example.test,recipient006@example.test,copy012@example.test,blind001@example.test,Synthetic subject 00220,Yes,,,Yes,Yes
SYNEWPRV023-0000885,SYNEWPRV023-0000885,SYNEWPRV023-0000887,2025-06-26,synthetic_document_00221.pdf,sender005@example.test,recipient007@example.test,copy013@example.test,blind002@example.test,Synthetic subject 00221,,Yes,,,
SYNEWPRV023-0000889,SYNEWPRV023-0000889,SYNEWPRV023-0000889,2025-07-27,synthetic_document_00222.pdf,sender006@example.test,recipient008@example.test,copy014@example.test,blind003@example.test,Synthetic subject 00222,,,Yes,,
SYNEWPRV023-0000893,SYNEWPRV023-0000893,SYNEWPRV023-0000894,2025-08-28,synthetic_document_00223.pdf,sender007@example.test,recipient009@example.test,copy015@example.test,blind004@example.test,Synthetic subject 00223,,,,Yes,
SYNEWPRV023-0000897,SYNEWPRV023-0000897,SYNEWPRV023-0000899,2025-09-01,synthetic_document_00224.pdf,sender008@example.test,recipient010@example.test,copy016@example.test,blind005@example.test,Synthetic subject 00224,Yes,,,,
SYNEWPRV023-0000901,SYNEWPRV023-0000901,SYNEWPRV023-0000901,2025-10-02,synthetic_document_00225.pdf,sender009@example.test,recipient011@example.test,copy017@example.test,blind006@example.test,Synthetic subject 00225,,Yes,Yes,,Yes
SYNEWPRV023-0000905,SYNEWPRV023-0000905,SYNEWPRV023-0000906,2025-11-03,synthetic_document_00226.pdf,sender010@example.test,recipient012@example.test,copy018@example.test,blind007@example.test,Synthetic subject 00226,,,,Yes,
SYNEWPRV023-0000909,SYNEWPRV023-0000909,SYNEWPRV023-0000911,2025-12-04,synthetic_document_00227.pdf,sender011@example.test,recipient013@example.test,copy019@example.test,blind008@example.test,Synthetic subject 00227,,,,,
SYNEWPRV023-0000913,SYNEWPRV023-0000913,SYNEWPRV023-0000913,2025-01-05,synthetic_document_00228.pdf,sender012@example.test,recipient014@example.test,copy001@example.test,blind009@example.test,Synthetic subject 00228,Yes,,Yes,,
SYNEWPRV023-0000917,SYNEWPRV023-0000917,SYNEWPRV023-0000918,2025-02-06,synthetic_document_00229.pdf,sender013@example.test,recipient015@example.test,copy002@example.test,blind010@example.test,Synthetic subject 00229,,Yes,,Yes,
SYNEWPRV023-0000921,SYNEWPRV023-0000921,SYNEWPRV023-0000923,2025-03-07,synthetic_document_00230.pdf,sender014@example.test,recipient016@example.test,copy003@example.test,blind011@example.test,Synthetic subject 00230,,,,,Yes
SYNEWPRV023-0000925,SYNEWPRV023-0000925,SYNEWPRV023-0000925,2025-04-08,synthetic_document_00231.pdf,sender015@example.test,recipient017@example.test,copy004@example.test,blind001@example.test,Synthetic subject 00231,,,Yes,,
SYNEWPRV023-0000929,SYNEWPRV023-0000929,SYNEWPRV023-0000930,2025-05-09,synthetic_document_00232.pdf,sender016@example.test,recipient018@example.test,copy005@example.test,blind002@example.test,Synthetic subject 00232,Yes,,,Yes,
SYNEWPRV023-0000933,SYNEWPRV023-0000933,SYNEWPRV023-0000935,2025-06-10,synthetic_document_00233.pdf,sender017@example.test,recipient019@example.test,copy006@example.test,blind003@example.test,Synthetic subject 00233,,Yes,,,
SYNEWPRV023-0000937,SYNEWPRV023-0000937,SYNEWPRV023-0000937,2025-07-11,synthetic_document_00234.pdf,sender018@example.test,recipient020@example.test,copy007@example.test,blind004@example.test,Synthetic subject 00234,,,Yes,,
SYNEWPRV023-0000941,SYNEWPRV023-0000941,SYNEWPRV023-0000942,2025-08-12,synthetic_document_00235.pdf,sender019@example.test,recipient021@example.test,copy008@example.test,blind005@example.test,Synthetic subject 00235,,,,Yes,Yes
SYNEWPRV023-0000945,SYNEWPRV023-0000945,SYNEWPRV023-0000947,2025-09-13,synthetic_document_00236.pdf,sender020@example.test,recipient022@example.test,copy009@example.test,blind006@example.test,Synthetic subject 00236,Yes,,,,
SYNEWPRV023-0000949,SYNEWPRV023-0000949,SYNEWPRV023-0000949,2025-10-14,synthetic_document_00237.pdf,sender021@example.test,recipient023@example.test,copy010@example.test,blind007@example.test,Synthetic subject 00237,,Yes,Yes,,
SYNEWPRV023-0000953,SYNEWPRV023-0000953,SYNEWPRV023-0000954,2025-11-15,synthetic_document_00238.pdf,sender022@example.test,recipient024@example.test,copy011@example.test,blind008@example.test,Synthetic subject 00238,,,,Yes,
SYNEWPRV023-0000957,SYNEWPRV023-0000957,SYNEWPRV023-0000959,2025-12-16,synthetic_document_00239.pdf,sender023@example.test,recipient025@example.test,copy012@example.test,blind009@example.test,Synthetic subject 00239,,,,,
SYNEWPRV023-0000961,SYNEWPRV023-0000961,SYNEWPRV023-0000961,2025-01-17,synthetic_document_00240.pdf,sender024@example.test,recipient026@example.test,copy013@example.test,blind010@example.test,Synthetic subject 00240,Yes,,Yes,,Yes
SYNEWPRV023-0000965,SYNEWPRV023-0000965,SYNEWPRV023-0000966,2025-02-18,synthetic_document_00241.pdf,sender025@example.test,recipient027@example.test,copy014@example.test,blind011@example.test,Synthetic subject 00241,,Yes,,Yes,
SYNEWPRV023-0000969,SYNEWPRV023-0000969,SYNEWPRV023-0000971,2025-03-19,synthetic_document_00242.pdf,sender026@example.test,recipient028@example.test,copy015@example.test,blind001@example.test,Synthetic subject 00242,,,,,
SYNEWPRV023-0000973,SYNEWPRV023-0000973,SYNEWPRV023-0000973,2025-04-20,synthetic_document_00243.pdf,sender027@example.test,recipient029@example.test,copy016@example.test,blind002@example.test,Synthetic subject 00243,,,Yes,,
SYNEWPRV023-0000977,SYNEWPRV023-0000977,SYNEWPRV023-0000978,2025-05-21,synthetic_document_00244.pdf,sender028@example.test,recipient030@example.test,copy017@example.test,blind003@example.test,Synthetic subject 00244,Yes,,,Yes,
SYNEWPRV023-0000981,SYNEWPRV023-0000981,SYNEWPRV023-0000983,2025-06-22,synthetic_document_00245.pdf,sender029@example.test,recipient031@example.test,copy018@example.test,blind004@example.test,Synthetic subject 00245,,Yes,,,Yes
SYNEWPRV023-0000985,SYNEWPRV023-0000985,SYNEWPRV023-0000985,2025-07-23,synthetic_document_00246.pdf,sender030@example.test,recipient032@example.test,copy019@example.test,blind005@example.test,Synthetic subject 00246,,,Yes,,
SYNEWPRV023-0000989,SYNEWPRV023-0000989,SYNEWPRV023-0000990,2025-08-24,synthetic_document_00247.pdf,sender031@example.test,recipient033@example.test,copy001@example.test,blind006@example.test,Synthetic subject 00247,,,,Yes,
SYNEWPRV023-0000993,SYNEWPRV023-0000993,SYNEWPRV023-0000995,2025-09-25,synthetic_document_00248.pdf,sender001@example.test,recipient034@example.test,copy002@example.test,blind007@example.test,Synthetic subject 00248,Yes,,,,
SYNEWPRV023-0000997,SYNEWPRV023-0000997,SYNEWPRV023-0000997,2025-10-26,synthetic_document_00249.pdf,sender002@example.test,recipient035@example.test,copy003@example.test,blind008@example.test,Synthetic subject 00249,,Yes,Yes,,
SYNEWPRV023-0001001,SYNEWPRV023-0001001,SYNEWPRV023-0001002,2025-11-27,synthetic_document_00250.pdf,sender003@example.test,recipient036@example.test,copy004@example.test,blind009@example.test,Synthetic subject 00250,,,,Yes,Yes
SYNEWPRV023-0001005,SYNEWPRV023-0001005,SYNEWPRV023-0001007,2025-12-28,synthetic_document_00251.pdf,sender004@example.test,recipient037@example.test,copy005@example.test,blind010@example.test,Synthetic subject 00251,,,,,
SYNEWPRV023-0001009,SYNEWPRV023-0001009,SYNEWPRV023-0001009,2025-01-01,synthetic_document_00252.pdf,sender005@example.test,recipient038@example.test,copy006@example.test,blind011@example.test,Synthetic subject 00252,Yes,,Yes,,
SYNEWPRV023-0001013,SYNEWPRV023-0001013,SYNEWPRV023-0001014,2025-02-02,synthetic_document_00253.pdf,sender006@example.test,recipient039@example.test,copy007@example.test,blind001@example.test,Synthetic subject 00253,,Yes,,Yes,
SYNEWPRV023-0001017,SYNEWPRV023-0001017,SYNEWPRV023-0001019,2025-03-03,synthetic_document_00254.pdf,sender007@example.test,recipient040@example.test,copy008@example.test,blind002@example.test,Synthetic subject 00254,,,,,
SYNEWPRV023-0001021,SYNEWPRV023-0001021,SYNEWPRV023-0001021,2025-04-04,synthetic_document_00255.pdf,sender008@example.test,recipient041@example.test,copy009@example.test,blind003@example.test,Synthetic subject 00255,,,Yes,,Yes
SYNEWPRV023-0001025,SYNEWPRV023-0001025,SYNEWPRV023-0001026,2025-05-05,synthetic_document_00256.pdf,sender009@example.test,recipient042@example.test,copy010@example.test,blind004@example.test,Synthetic subject 00256,Yes,,,Yes,
SYNEWPRV023-0001029,SYNEWPRV023-0001029,SYNEWPRV023-0001031,2025-06-06,synthetic_document_00257.pdf,sender010@example.test,recipient043@example.test,copy011@example.test,blind005@example.test,Synthetic subject 00257,,Yes,,,
SYNEWPRV023-0001033,SYNEWPRV023-0001033,SYNEWPRV023-0001033,2025-07-07,synthetic_document_00258.pdf,sender011@example.test,recipient001@example.test,copy012@example.test,blind006@example.test,Synthetic subject 00258,,,Yes,,
SYNEWPRV023-0001037,SYNEWPRV023-0001037,SYNEWPRV023-0001038,2025-08-08,synthetic_document_00259.pdf,sender012@example.test,recipient002@example.test,copy013@example.test,blind007@example.test,Synthetic subject 00259,,,,Yes,
SYNEWPRV023-0001041,SYNEWPRV023-0001041,SYNEWPRV023-0001043,2025-09-09,synthetic_document_00260.pdf,sender013@example.test,recipient003@example.test,copy014@example.test,blind008@example.test,Synthetic subject 00260,Yes,,,,Yes
SYNEWPRV023-0001045,SYNEWPRV023-0001045,SYNEWPRV023-0001045,2025-10-10,synthetic_document_00261.pdf,sender014@example.test,recipient004@example.test,copy015@example.test,blind009@example.test,Synthetic subject 00261,,Yes,Yes,,
SYNEWPRV023-0001049,SYNEWPRV023-0001049,SYNEWPRV023-0001050,2025-11-11,synthetic_document_00262.pdf,sender015@example.test,recipient005@example.test,copy016@example.test,blind010@example.test,Synthetic subject 00262,,,,Yes,
SYNEWPRV023-0001053,SYNEWPRV023-0001053,SYNEWPRV023-0001055,2025-12-12,synthetic_document_00263.pdf,sender016@example.test,recipient006@example.test,copy017@example.test,blind011@example.test,Synthetic subject 00263,,,,,
SYNEWPRV023-0001057,SYNEWPRV023-0001057,SYNEWPRV023-0001057,2025-01-13,synthetic_document_00264.pdf,sender017@example.test,recipient007@example.test,copy018@example.test,blind001@example.test,Synthetic subject 00264,Yes,,Yes,,
SYNEWPRV023-0001061,SYNEWPRV023-0001061,SYNEWPRV023-0001062,2025-02-14,synthetic_document_00265.pdf,sender018@example.test,recipient008@example.test,copy019@example.test,blind002@example.test,Synthetic subject 00265,,Yes,,Yes,Yes
SYNEWPRV023-0001065,SYNEWPRV023-0001065,SYNEWPRV023-0001067,2025-03-15,synthetic_document_00266.pdf,sender019@example.test,recipient009@example.test,copy001@example.test,blind003@example.test,Synthetic subject 00266,,,,,
SYNEWPRV023-0001069,SYNEWPRV023-0001069,SYNEWPRV023-0001069,2025-04-16,synthetic_document_00267.pdf,sender020@example.test,recipient010@example.test,copy002@example.test,blind004@example.test,Synthetic subject 00267,,,Yes,,
SYNEWPRV023-0001073,SYNEWPRV023-0001073,SYNEWPRV023-0001074,2025-05-17,synthetic_document_00268.pdf,sender021@example.test,recipient011@example.test,copy003@example.test,blind005@example.test,Synthetic subject 00268,Yes,,,Yes,
SYNEWPRV023-0001077,SYNEWPRV023-0001077,SYNEWPRV023-0001079,2025-06-18,synthetic_document_00269.pdf,sender022@example.test,recipient012@example.test,copy004@example.test,blind006@example.test,Synthetic subject 00269,,Yes,,,
SYNEWPRV023-0001081,SYNEWPRV023-0001081,SYNEWPRV023-0001081,2025-07-19,synthetic_document_00270.pdf,sender023@example.test,recipient013@example.test,copy005@example.test,blind007@example.test,Synthetic subject 00270,,,Yes,,Yes
SYNEWPRV023-0001085,SYNEWPRV023-0001085,SYNEWPRV023-0001086,2025-08-20,synthetic_document_00271.pdf,sender024@example.test,recipient014@example.test,copy006@example.test,blind008@example.test,Synthetic subject 00271,,,,Yes,
SYNEWPRV023-0001089,SYNEWPRV023-0001089,SYNEWPRV023-0001091,2025-09-21,synthetic_document_00272.pdf,sender025@example.test,recipient015@example.test,copy007@example.test,blind009@example.test,Synthetic subject 00272,Yes,,,,
SYNEWPRV023-0001093,SYNEWPRV023-0001093,SYNEWPRV023-0001093,2025-10-22,synthetic_document_00273.pdf,sender026@example.test,recipient016@example.test,copy008@example.test,blind010@example.test,Synthetic subject 00273,,Yes,Yes,,
SYNEWPRV023-0001097,SYNEWPRV023-0001097,SYNEWPRV023-0001098,2025-11-23,synthetic_document_00274.pdf,sender027@example.test,recipient017@example.test,copy009@example.test,blind011@example.test,Synthetic subject 00274,,,,Yes,
SYNEWPRV023-0001101,SYNEWPRV023-0001101,SYNEWPRV023-0001103,2025-12-24,synthetic_document_00275.pdf,sender028@example.test,recipient018@example.test,copy010@example.test,blind001@example.test,Synthetic subject 00275,,,,,Yes
SYNEWPRV023-0001105,SYNEWPRV023-0001105,SYNEWPRV023-0001105,2025-01-25,synthetic_document_00276.pdf,sender029@example.test,recipient019@example.test,copy011@example.test,blind002@example.test,Synthetic subject 00276,Yes,,Yes,,
SYNEWPRV023-0001109,SYNEWPRV023-0001109,SYNEWPRV023-0001110,2025-02-26,synthetic_document_00277.pdf,sender030@example.test,recipient020@example.test,copy012@example.test,blind003@example.test,Synthetic subject 00277,,Yes,,Yes,
SYNEWPRV023-0001113,SYNEWPRV023-0001113,SYNEWPRV023-0001115,2025-03-27,synthetic_document_00278.pdf,sender031@example.test,recipient021@example.test,copy013@example.test,blind004@example.test,Synthetic subject 00278,,,,,
SYNEWPRV023-0001117,SYNEWPRV023-0001117,SYNEWPRV023-0001117,2025-04-28,synthetic_document_00279.pdf,sender001@example.test,recipient022@example.test,copy014@example.test,blind005@example.test,Synthetic subject 00279,,,Yes,,
SYNEWPRV023-0001121,SYNEWPRV023-0001121,SYNEWPRV023-0001122,2025-05-01,synthetic_document_00280.pdf,sender002@example.test,recipient023@example.test,copy015@example.test,blind006@example.test,Synthetic subject 00280,Yes,,,Yes,Yes
SYNEWPRV023-0001125,SYNEWPRV023-0001125,SYNEWPRV023-0001127,2025-06-02,synthetic_document_00281.pdf,sender003@example.test,recipient024@example.test,copy016@example.test,blind007@example.test,Synthetic subject 00281,,Yes,,,
SYNEWPRV023-0001129,SYNEWPRV023-0001129,SYNEWPRV023-0001129,2025-07-03,synthetic_document_00282.pdf,sender004@example.test,recipient025@example.test,copy017@example.test,blind008@example.test,Synthetic subject 00282,,,Yes,,
SYNEWPRV023-0001133,SYNEWPRV023-0001133,SYNEWPRV023-0001134,2025-08-04,synthetic_document_00283.pdf,sender005@example.test,recipient026@example.test,copy018@example.test,blind009@example.test,Synthetic subject 00283,,,,Yes,
SYNEWPRV023-0001137,SYNEWPRV023-0001137,SYNEWPRV023-0001139,2025-09-05,synthetic_document_00284.pdf,sender006@example.test,recipient027@example.test,copy019@example.test,blind010@example.test,Synthetic subject 00284,Yes,,,,
SYNEWPRV023-0001141,SYNEWPRV023-0001141,SYNEWPRV023-0001141,2025-10-06,synthetic_document_00285.pdf,sender007@example.test,recipient028@example.test,copy001@example.test,blind011@example.test,Synthetic subject 00285,,Yes,Yes,,Yes
SYNEWPRV023-0001145,SYNEWPRV023-0001145,SYNEWPRV023-0001146,2025-11-07,synthetic_document_00286.pdf,sender008@example.test,recipient029@example.test,copy002@example.test,blind001@example.test,Synthetic subject 00286,,,,Yes,
SYNEWPRV023-0001149,SYNEWPRV023-0001149,SYNEWPRV023-0001151,2025-12-08,synthetic_document_00287.pdf,sender009@example.test,recipient030@example.test,copy003@example.test,blind002@example.test,Synthetic subject 00287,,,,,
SYNEWPRV023-0001153,SYNEWPRV023-0001153,SYNEWPRV023-0001153,2025-01-09,synthetic_document_00288.pdf,sender010@example.test,recipient031@example.test,copy004@example.test,blind003@example.test,Synthetic subject 00288,Yes,,Yes,,
SYNEWPRV023-0001157,SYNEWPRV023-0001157,SYNEWPRV023-0001158,2025-02-10,synthetic_document_00289.pdf,sender011@example.test,recipient032@example.test,copy005@example.test,blind004@example.test,Synthetic subject 00289,,Yes,,Yes,
SYNEWPRV023-0001161,SYNEWPRV023-0001161,SYNEWPRV023-0001163,2025-03-11,synthetic_document_00290.pdf,sender012@example.test,recipient033@example.test,copy006@example.test,blind005@example.test,Synthetic subject 00290,,,,,Yes
SYNEWPRV023-0001165,SYNEWPRV023-0001165,SYNEWPRV023-0001165,2025-04-12,synthetic_document_00291.pdf,sender013@example.test,recipient034@example.test,copy007@example.test,blind006@example.test,Synthetic subject 00291,,,Yes,,
SYNEWPRV023-0001169,SYNEWPRV023-0001169,SYNEWPRV023-0001170,2025-05-13,synthetic_document_00292.pdf,sender014@example.test,recipient035@example.test,copy008@example.test,blind007@example.test,Synthetic subject 00292,Yes,,,Yes,
SYNEWPRV023-0001173,SYNEWPRV023-0001173,SYNEWPRV023-0001175,2025-06-14,synthetic_document_00293.pdf,sender015@example.test,recipient036@example.test,copy009@example.test,blind008@example.test,Synthetic subject 00293,,Yes,,,
SYNEWPRV023-0001177,SYNEWPRV023-0001177,SYNEWPRV023-0001177,2025-07-15,synthetic_document_00294.pdf,sender016@example.test,recipient037@example.test,copy010@example.test,blind009@example.test,Synthetic subject 00294,,,Yes,,
SYNEWPRV023-0001181,SYNEWPRV023-0001181,SYNEWPRV023-0001182,2025-08-16,synthetic_document_00295.pdf,sender017@example.test,recipient038@example.test,copy011@example.test,blind010@example.test,Synthetic subject 00295,,,,Yes,Yes
SYNEWPRV023-0001185,SYNEWPRV023-0001185,SYNEWPRV023-0001187,2025-09-17,synthetic_document_00296.pdf,sender018@example.test,recipient039@example.test,copy012@example.test,blind011@example.test,Synthetic subject 00296,Yes,,,,
SYNEWPRV023-0001189,SYNEWPRV023-0001189,SYNEWPRV023-0001189,2025-10-18,synthetic_document_00297.pdf,sender019@example.test,recipient040@example.test,copy013@example.test,blind001@example.test,Synthetic subject 00297,,Yes,Yes,,
SYNEWPRV023-0001193,SYNEWPRV023-0001193,SYNEWPRV023-0001194,2025-11-19,synthetic_document_00298.pdf,sender020@example.test,recipient041@example.test,copy014@example.test,blind002@example.test,Synthetic subject 00298,,,,Yes,
SYNEWPRV023-0001197,SYNEWPRV023-0001197,SYNEWPRV023-0001199,2025-12-20,synthetic_document_00299.pdf,sender021@example.test,recipient042@example.test,copy015@example.test,blind003@example.test,Synthetic subject 00299,,,,,
SYNEWPRV023-0001201,SYNEWPRV023-0001201,SYNEWPRV023-0001201,2025-01-21,synthetic_document_00300.pdf,sender022@example.test,recipient043@example.test,copy016@example.test,blind004@example.test,Synthetic subject 00300,Yes,,Yes,,Yes
SYNEWPRV023-0001205,SYNEWPRV023-0001205,SYNEWPRV023-0001206,2025-02-22,synthetic_document_00301.pdf,sender023@example.test,recipient001@example.test,copy017@example.test,blind005@example.test,Synthetic subject 00301,,Yes,,Yes,
SYNEWPRV023-0001209,SYNEWPRV023-0001209,SYNEWPRV023-0001211,2025-03-23,synthetic_document_00302.pdf,sender024@example.test,recipient002@example.test,copy018@example.test,blind006@example.test,Synthetic subject 00302,,,,,
SYNEWPRV023-0001213,SYNEWPRV023-0001213,SYNEWPRV023-0001213,2025-04-24,synthetic_document_00303.pdf,sender025@example.test,recipient003@example.test,copy019@example.test,blind007@example.test,Synthetic subject 00303,,,Yes,,
SYNEWPRV023-0001217,SYNEWPRV023-0001217,SYNEWPRV023-0001218,2025-05-25,synthetic_document_00304.pdf,sender026@example.test,recipient004@example.test,copy001@example.test,blind008@example.test,Synthetic subject 00304,Yes,,,Yes,
SYNEWPRV023-0001221,SYNEWPRV023-0001221,SYNEWPRV023-0001223,2025-06-26,synthetic_document_00305.pdf,sender027@example.test,recipient005@example.test,copy002@example.test,blind009@example.test,Synthetic subject 00305,,Yes,,,Yes
SYNEWPRV023-0001225,SYNEWPRV023-0001225,SYNEWPRV023-0001225,2025-07-27,synthetic_document_00306.pdf,sender028@example.test,recipient006@example.test,copy003@example.test,blind010@example.test,Synthetic subject 00306,,,Yes,,
SYNEWPRV023-0001229,SYNEWPRV023-0001229,SYNEWPRV023-0001230,2025-08-28,synthetic_document_00307.pdf,sender029@example.test,recipient007@example.test,copy004@example.test,blind011@example.test,Synthetic subject 00307,,,,Yes,
SYNEWPRV023-0001233,SYNEWPRV023-0001233,SYNEWPRV023-0001235,2025-09-01,synthetic_document_00308.pdf,sender030@example.test,recipient008@example.test,copy005@example.test,blind001@example.test,Synthetic subject 00308,Yes,,,,
SYNEWPRV023-0001237,SYNEWPRV023-0001237,SYNEWPRV023-0001237,2025-10-02,synthetic_document_00309.pdf,sender031@example.test,recipient009@example.test,copy006@example.test,blind002@example.test,Synthetic subject 00309,,Yes,Yes,,
SYNEWPRV023-0001241,SYNEWPRV023-0001241,SYNEWPRV023-0001242,2025-11-03,synthetic_document_00310.pdf,sender001@example.test,recipient010@example.test,copy007@example.test,blind003@example.test,Synthetic subject 00310,,,,Yes,Yes
SYNEWPRV023-0001245,SYNEWPRV023-0001245,SYNEWPRV023-0001247,2025-12-04,synthetic_document_00311.pdf,sender002@example.test,recipient011@example.test,copy008@example.test,blind004@example.test,Synthetic subject 00311,,,,,
SYNEWPRV023-0001249,SYNEWPRV023-0001249,SYNEWPRV023-0001249,2025-01-05,synthetic_document_00312.pdf,sender003@example.test,recipient012@example.test,copy009@example.test,blind005@example.test,Synthetic subject 00312,Yes,,Yes,,
SYNEWPRV023-0001253,SYNEWPRV023-0001253,SYNEWPRV023-0001254,2025-02-06,synthetic_document_00313.pdf,sender004@example.test,recipient013@example.test,copy010@example.test,blind006@example.test,Synthetic subject 00313,,Yes,,Yes,
SYNEWPRV023-0001257,SYNEWPRV023-0001257,SYNEWPRV023-0001259,2025-03-07,synthetic_document_00314.pdf,sender005@example.test,recipient014@example.test,copy011@example.test,blind007@example.test,Synthetic subject 00314,,,,,
SYNEWPRV023-0001261,SYNEWPRV023-0001261,SYNEWPRV023-0001261,2025-04-08,synthetic_document_00315.pdf,sender006@example.test,recipient015@example.test,copy012@example.test,blind008@example.test,Synthetic subject 00315,,,Yes,,Yes
SYNEWPRV023-0001265,SYNEWPRV023-0001265,SYNEWPRV023-0001266,2025-05-09,synthetic_document_00316.pdf,sender007@example.test,recipient016@example.test,copy013@example.test,blind009@example.test,Synthetic subject 00316,Yes,,,Yes,
SYNEWPRV023-0001269,SYNEWPRV023-0001269,SYNEWPRV023-0001271,2025-06-10,synthetic_document_00317.pdf,sender008@example.test,recipient017@example.test,copy014@example.test,blind010@example.test,Synthetic subject 00317,,Yes,,,
SYNEWPRV023-0001273,SYNEWPRV023-0001273,SYNEWPRV023-0001273,2025-07-11,synthetic_document_00318.pdf,sender009@example.test,recipient018@example.test,copy015@example.test,blind011@example.test,Synthetic subject 00318,,,Yes,,
SYNEWPRV023-0001277,SYNEWPRV023-0001277,SYNEWPRV023-0001278,2025-08-12,synthetic_document_00319.pdf,sender010@example.test,recipient019@example.test,copy016@example.test,blind001@example.test,Synthetic subject 00319,,,,Yes,
SYNEWPRV023-0001281,SYNEWPRV023-0001281,SYNEWPRV023-0001283,2025-09-13,synthetic_document_00320.pdf,sender011@example.test,recipient020@example.test,copy017@example.test,blind002@example.test,Synthetic subject 00320,Yes,,,,Yes
SYNEWPRV023-0001285,SYNEWPRV023-0001285,SYNEWPRV023-0001285,2025-10-14,synthetic_document_00321.pdf,sender012@example.test,recipient021@example.test,copy018@example.test,blind003@example.test,Synthetic subject 00321,,Yes,Yes,,
SYNEWPRV023-0001289,SYNEWPRV023-0001289,SYNEWPRV023-0001290,2025-11-15,synthetic_document_00322.pdf,sender013@example.test,recipient022@example.test,copy019@example.test,blind004@example.test,Synthetic subject 00322,,,,Yes,
SYNEWPRV023-0001293,SYNEWPRV023-0001293,SYNEWPRV023-0001295,2025-12-16,synthetic_document_00323.pdf,sender014@example.test,recipient023@example.test,copy001@example.test,blind005@example.test,Synthetic subject 00323,,,,,
SYNEWPRV023-0001297,SYNEWPRV023-0001297,SYNEWPRV023-0001297,2025-01-17,synthetic_document_00324.pdf,sender015@example.test,recipient024@example.test,copy002@example.test,blind006@example.test,Synthetic subject 00324,Yes,,Yes,,
SYNEWPRV023-0001301,SYNEWPRV023-0001301,SYNEWPRV023-0001302,2025-02-18,synthetic_document_00325.pdf,sender016@example.test,recipient025@example.test,copy003@example.test,blind007@example.test,Synthetic subject 00325,,Yes,,Yes,Yes
SYNEWPRV023-0001305,SYNEWPRV023-0001305,SYNEWPRV023-0001307,2025-03-19,synthetic_document_00326.pdf,sender017@example.test,recipient026@example.test,copy004@example.test,blind008@example.test,Synthetic subject 00326,,,,,
SYNEWPRV023-0001309,SYNEWPRV023-0001309,SYNEWPRV023-0001309,2025-04-20,synthetic_document_00327.pdf,sender018@example.test,recipient027@example.test,copy005@example.test,blind009@example.test,Synthetic subject 00327,,,Yes,,
SYNEWPRV023-0001313,SYNEWPRV023-0001313,SYNEWPRV023-0001314,2025-05-21,synthetic_document_00328.pdf,sender019@example.test,recipient028@example.test,copy006@example.test,blind010@example.test,Synthetic subject 00328,Yes,,,Yes,
SYNEWPRV023-0001317,SYNEWPRV023-0001317,SYNEWPRV023-0001319,2025-06-22,synthetic_document_00329.pdf,sender020@example.test,recipient029@example.test,copy007@example.test,blind011@example.test,Synthetic subject 00329,,Yes,,,
SYNEWPRV023-0001321,SYNEWPRV023-0001321,SYNEWPRV023-0001321,2025-07-23,synthetic_document_00330.pdf,sender021@example.test,recipient030@example.test,copy008@example.test,blind001@example.test,Synthetic subject 00330,,,Yes,,Yes
SYNEWPRV023-0001325,SYNEWPRV023-0001325,SYNEWPRV023-0001326,2025-08-24,synthetic_document_00331.pdf,sender022@example.test,recipient031@example.test,copy009@example.test,blind002@example.test,Synthetic subject 00331,,,,Yes,
SYNEWPRV023-0001329,SYNEWPRV023-0001329,SYNEWPRV023-0001331,2025-09-25,synthetic_document_00332.pdf,sender023@example.test,recipient032@example.test,copy010@example.test,blind003@example.test,Synthetic subject 00332,Yes,,,,
SYNEWPRV023-0001333,SYNEWPRV023-0001333,SYNEWPRV023-0001333,2025-10-26,synthetic_document_00333.pdf,sender024@example.test,recipient033@example.test,copy011@example.test,blind004@example.test,Synthetic subject 00333,,Yes,Yes,,
SYNEWPRV023-0001337,SYNEWPRV023-0001337,SYNEWPRV023-0001338,2025-11-27,synthetic_document_00334.pdf,sender025@example.test,recipient034@example.test,copy012@example.test,blind005@example.test,Synthetic subject 00334,,,,Yes,
SYNEWPRV023-0001341,SYNEWPRV023-0001341,SYNEWPRV023-0001343,2025-12-28,synthetic_document_00335.pdf,sender026@example.test,recipient035@example.test,copy013@example.test,blind006@example.test,Synthetic subject 00335,,,,,Yes
SYNEWPRV023-0001345,SYNEWPRV023-0001345,SYNEWPRV023-0001345,2025-01-01,synthetic_document_00336.pdf,sender027@example.test,recipient036@example.test,copy014@example.test,blind007@example.test,Synthetic subject 00336,Yes,,Yes,,
SYNEWPRV023-0001349,SYNEWPRV023-0001349,SYNEWPRV023-0001350,2025-02-02,synthetic_document_00337.pdf,sender028@example.test,recipient037@example.test,copy015@example.test,blind008@example.test,Synthetic subject 00337,,Yes,,Yes,
SYNEWPRV023-0001353,SYNEWPRV023-0001353,SYNEWPRV023-0001355,2025-03-03,synthetic_document_00338.pdf,sender029@example.test,recipient038@example.test,copy016@example.test,blind009@example.test,Synthetic subject 00338,,,,,
SYNEWPRV023-0001357,SYNEWPRV023-0001357,SYNEWPRV023-0001357,2025-04-04,synthetic_document_00339.pdf,sender030@example.test,recipient039@example.test,copy017@example.test,blind010@example.test,Synthetic subject 00339,,,Yes,,
SYNEWPRV023-0001361,SYNEWPRV023-0001361,SYNEWPRV023-0001362,2025-05-05,synthetic_document_00340.pdf,sender031@example.test,recipient040@example.test,copy018@example.test,blind011@example.test,Synthetic subject 00340,Yes,,,Yes,Yes
SYNEWPRV023-0001365,SYNEWPRV023-0001365,SYNEWPRV023-0001367,2025-06-06,synthetic_document_00341.pdf,sender001@example.test,recipient041@example.test,copy019@example.test,blind001@example.test,Synthetic subject 00341,,Yes,,,
SYNEWPRV023-0001369,SYNEWPRV023-0001369,SYNEWPRV023-0001369,2025-07-07,synthetic_document_00342.pdf,sender002@example.test,recipient042@example.test,copy001@example.test,blind002@example.test,Synthetic subject 00342,,,Yes,,
SYNEWPRV023-0001373,SYNEWPRV023-0001373,SYNEWPRV023-0001374,2025-08-08,synthetic_document_00343.pdf,sender003@example.test,recipient043@example.test,copy002@example.test,blind003@example.test,Synthetic subject 00343,,,,Yes,
SYNEWPRV023-0001377,SYNEWPRV023-0001377,SYNEWPRV023-0001379,2025-09-09,synthetic_document_00344.pdf,sender004@example.test,recipient001@example.test,copy003@example.test,blind004@example.test,Synthetic subject 00344,Yes,,,,
SYNEWPRV023-0001381,SYNEWPRV023-0001381,SYNEWPRV023-0001381,2025-10-10,synthetic_document_00345.pdf,sender005@example.test,recipient002@example.test,copy004@example.test,blind005@example.test,Synthetic subject 00345,,Yes,Yes,,Yes
SYNEWPRV023-0001385,SYNEWPRV023-0001385,SYNEWPRV023-0001386,2025-11-11,synthetic_document_00346.pdf,sender006@example.test,recipient003@example.test,copy005@example.test,blind006@example.test,Synthetic subject 00346,,,,Yes,
SYNEWPRV023-0001389,SYNEWPRV023-0001389,SYNEWPRV023-0001391,2025-12-12,synthetic_document_00347.pdf,sender007@example.test,recipient004@example.test,copy006@example.test,blind007@example.test,Synthetic subject 00347,,,,,
SYNEWPRV023-0001393,SYNEWPRV023-0001393,SYNEWPRV023-0001393,2025-01-13,synthetic_document_00348.pdf,sender008@example.test,recipient005@example.test,copy007@example.test,blind008@example.test,Synthetic subject 00348,Yes,,Yes,,
SYNEWPRV023-0001397,SYNEWPRV023-0001397,SYNEWPRV023-0001398,2025-02-14,synthetic_document_00349.pdf,sender009@example.test,recipient006@example.test,copy008@example.test,blind009@example.test,Synthetic subject 00349,,Yes,,Yes,
SYNEWPRV023-0001401,SYNEWPRV023-0001401,SYNEWPRV023-0001403,2025-03-15,synthetic_document_00350.pdf,sender010@example.test,recipient007@example.test,copy009@example.test,blind010@example.test,Synthetic subject 00350,,,,,Yes
SYNEWPRV023-0001405,SYNEWPRV023-0001405,SYNEWPRV023-0001405,2025-04-16,synthetic_document_00351.pdf,sender011@example.test,recipient008@example.test,copy010@example.test,blind011@example.test,Synthetic subject 00351,,,Yes,,
SYNEWPRV023-0001409,SYNEWPRV023-0001409,SYNEWPRV023-0001410,2025-05-17,synthetic_document_00352.pdf,sender012@example.test,recipient009@example.test,copy011@example.test,blind001@example.test,Synthetic subject 00352,Yes,,,Yes,
SYNEWPRV023-0001413,SYNEWPRV023-0001413,SYNEWPRV023-0001415,2025-06-18,synthetic_document_00353.pdf,sender013@example.test,recipient010@example.test,copy012@example.test,blind002@example.test,Synthetic subject 00353,,Yes,,,
SYNEWPRV023-0001417,SYNEWPRV023-0001417,SYNEWPRV023-0001417,2025-07-19,synthetic_document_00354.pdf,sender014@example.test,recipient011@example.test,copy013@example.test,blind003@example.test,Synthetic subject 00354,,,Yes,,
SYNEWPRV023-0001421,SYNEWPRV023-0001421,SYNEWPRV023-0001422,2025-08-20,synthetic_document_00355.pdf,sender015@example.test,recipient012@example.test,copy014@example.test,blind004@example.test,Synthetic subject 00355,,,,Yes,Yes
SYNEWPRV023-0001425,SYNEWPRV023-0001425,SYNEWPRV023-0001427,2025-09-21,synthetic_document_00356.pdf,sender016@example.test,recipient013@example.test,copy015@example.test,blind005@example.test,Synthetic subject 00356,Yes,,,,
SYNEWPRV023-0001429,SYNEWPRV023-0001429,SYNEWPRV023-0001429,2025-10-22,synthetic_document_00357.pdf,sender017@example.test,recipient014@example.test,copy016@example.test,blind006@example.test,Synthetic subject 00357,,Yes,Yes,,
SYNEWPRV023-0001433,SYNEWPRV023-0001433,SYNEWPRV023-0001434,2025-11-23,synthetic_document_00358.pdf,sender018@example.test,recipient015@example.test,copy017@example.test,blind007@example.test,Synthetic subject 00358,,,,Yes,
SYNEWPRV023-0001437,SYNEWPRV023-0001437,SYNEWPRV023-0001439,2025-12-24,synthetic_document_00359.pdf,sender019@example.test,recipient016@example.test,copy018@example.test,blind008@example.test,Synthetic subject 00359,,,,,
SYNEWPRV023-0001441,SYNEWPRV023-0001441,SYNEWPRV023-0001441,2025-01-25,synthetic_document_00360.pdf,sender020@example.test,recipient017@example.test,copy019@example.test,blind009@example.test,Synthetic subject 00360,Yes,,Yes,,Yes
SYNEWPRV023-0001445,SYNEWPRV023-0001445,SYNEWPRV023-0001446,2025-02-26,synthetic_document_00361.pdf,sender021@example.test,recipient018@example.test,copy001@example.test,blind010@example.test,Synthetic subject 00361,,Yes,,Yes,
SYNEWPRV023-0001449,SYNEWPRV023-0001449,SYNEWPRV023-0001451,2025-03-27,synthetic_document_00362.pdf,sender022@example.test,recipient019@example.test,copy002@example.test,blind011@example.test,Synthetic subject 00362,,,,,
SYNEWPRV023-0001453,SYNEWPRV023-0001453,SYNEWPRV023-0001453,2025-04-28,synthetic_document_00363.pdf,sender023@example.test,recipient020@example.test,copy003@example.test,blind001@example.test,Synthetic subject 00363,,,Yes,,
SYNEWPRV023-0001457,SYNEWPRV023-0001457,SYNEWPRV023-0001458,2025-05-01,synthetic_document_00364.pdf,sender024@example.test,recipient021@example.test,copy004@example.test,blind002@example.test,Synthetic subject 00364,Yes,,,Yes,
SYNEWPRV023-0001461,SYNEWPRV023-0001461,SYNEWPRV023-0001463,2025-06-02,synthetic_document_00365.pdf,sender025@example.test,recipient022@example.test,copy005@example.test,blind003@example.test,Synthetic subject 00365,,Yes,,,Yes
SYNEWPRV023-0001465,SYNEWPRV023-0001465,SYNEWPRV023-0001465,2025-07-03,synthetic_document_00366.pdf,sender026@example.test,recipient023@example.test,copy006@example.test,blind004@example.test,Synthetic subject 00366,,,Yes,,
SYNEWPRV023-0001469,SYNEWPRV023-0001469,SYNEWPRV023-0001470,2025-08-04,synthetic_document_00367.pdf,sender027@example.test,recipient024@example.test,copy007@example.test,blind005@example.test,Synthetic subject 00367,,,,Yes,
SYNEWPRV023-0001473,SYNEWPRV023-0001473,SYNEWPRV023-0001475,2025-09-05,synthetic_document_00368.pdf,sender028@example.test,recipient025@example.test,copy008@example.test,blind006@example.test,Synthetic subject 00368,Yes,,,,
SYNEWPRV023-0001477,SYNEWPRV023-0001477,SYNEWPRV023-0001477,2025-10-06,synthetic_document_00369.pdf,sender029@example.test,recipient026@example.test,copy009@example.test,blind007@example.test,Synthetic subject 00369,,Yes,Yes,,
SYNEWPRV023-0001481,SYNEWPRV023-0001481,SYNEWPRV023-0001482,2025-11-07,synthetic_document_00370.pdf,sender030@example.test,recipient027@example.test,copy010@example.test,blind008@example.test,Synthetic subject 00370,,,,Yes,Yes
SYNEWPRV023-0001485,SYNEWPRV023-0001485,SYNEWPRV023-0001487,2025-12-08,synthetic_document_00371.pdf,sender031@example.test,recipient028@example.test,copy011@example.test,blind009@example.test,Synthetic subject 00371,,,,,
SYNEWPRV023-0001489,SYNEWPRV023-0001489,SYNEWPRV023-0001489,2025-01-09,synthetic_document_00372.pdf,sender001@example.test,recipient029@example.test,copy012@example.test,blind010@example.test,Synthetic subject 00372,Yes,,Yes,,
SYNEWPRV023-0001493,SYNEWPRV023-0001493,SYNEWPRV023-0001494,2025-02-10,synthetic_document_00373.pdf,sender002@example.test,recipient030@example.test,copy013@example.test,blind011@example.test,Synthetic subject 00373,,Yes,,Yes,
SYNEWPRV023-0001497,SYNEWPRV023-0001497,SYNEWPRV023-0001499,2025-03-11,synthetic_document_00374.pdf,sender003@example.test,recipient031@example.test,copy014@example.test,blind001@example.test,Synthetic subject 00374,,,,,
SYNEWPRV023-0001501,SYNEWPRV023-0001501,SYNEWPRV023-0001501,2025-04-12,synthetic_document_00375.pdf,sender004@example.test,recipient032@example.test,copy015@example.test,blind002@example.test,Synthetic subject 00375,,,Yes,,Yes
SYNEWPRV023-0001505,SYNEWPRV023-0001505,SYNEWPRV023-0001506,2025-05-13,synthetic_document_00376.pdf,sender005@example.test,recipient033@example.test,copy016@example.test,blind003@example.test,Synthetic subject 00376,Yes,,,Yes,
SYNEWPRV023-0001509,SYNEWPRV023-0001509,SYNEWPRV023-0001511,2025-06-14,synthetic_document_00377.pdf,sender006@example.test,recipient034@example.test,copy017@example.test,blind004@example.test,Synthetic subject 00377,,Yes,,,
SYNEWPRV023-0001513,SYNEWPRV023-0001513,SYNEWPRV023-0001513,2025-07-15,synthetic_document_00378.pdf,sender007@example.test,recipient035@example.test,copy018@example.test,blind005@example.test,Synthetic subject 00378,,,Yes,,
SYNEWPRV023-0001517,SYNEWPRV023-0001517,SYNEWPRV023-0001518,2025-08-16,synthetic_document_00379.pdf,sender008@example.test,recipient036@example.test,copy019@example.test,blind006@example.test,Synthetic subject 00379,,,,Yes,
SYNEWPRV023-0001521,SYNEWPRV023-0001521,SYNEWPRV023-0001523,2025-09-17,synthetic_document_00380.pdf,sender009@example.test,recipient037@example.test,copy001@example.test,blind007@example.test,Synthetic subject 00380,Yes,,,,Yes
SYNEWPRV023-0001525,SYNEWPRV023-0001525,SYNEWPRV023-0001525,2025-10-18,synthetic_document_00381.pdf,sender010@example.test,recipient038@example.test,copy002@example.test,blind008@example.test,Synthetic subject 00381,,Yes,Yes,,
SYNEWPRV023-0001529,SYNEWPRV023-0001529,SYNEWPRV023-0001530,2025-11-19,synthetic_document_00382.pdf,sender011@example.test,recipient039@example.test,copy003@example.test,blind009@example.test,Synthetic subject 00382,,,,Yes,
SYNEWPRV023-0001533,SYNEWPRV023-0001533,SYNEWPRV023-0001535,2025-12-20,synthetic_document_00383.pdf,sender012@example.test,recipient040@example.test,copy004@example.test,blind010@example.test,Synthetic subject 00383,,,,,
SYNEWPRV023-0001537,SYNEWPRV023-0001537,SYNEWPRV023-0001537,2025-01-21,synthetic_document_00384.pdf,sender013@example.test,recipient041@example.test,copy005@example.test,blind011@example.test,Synthetic subject 00384,Yes,,Yes,,
SYNEWPRV023-0001541,SYNEWPRV023-0001541,SYNEWPRV023-0001542,2025-02-22,synthetic_document_00385.pdf,sender014@example.test,recipient042@example.test,copy006@example.test,blind001@example.test,Synthetic subject 00385,,Yes,,Yes,Yes
SYNEWPRV023-0001545,SYNEWPRV023-0001545,SYNEWPRV023-0001547,2025-03-23,synthetic_document_00386.pdf,sender015@example.test,recipient043@example.test,copy007@example.test,blind002@example.test,Synthetic subject 00386,,,,,
SYNEWPRV023-0001549,SYNEWPRV023-0001549,SYNEWPRV023-0001549,2025-04-24,synthetic_document_00387.pdf,sender016@example.test,recipient001@example.test,copy008@example.test,blind003@example.test,Synthetic subject 00387,,,Yes,,
SYNEWPRV023-0001553,SYNEWPRV023-0001553,SYNEWPRV023-0001554,2025-05-25,synthetic_document_00388.pdf,sender017@example.test,recipient002@example.test,copy009@example.test,blind004@example.test,Synthetic subject 00388,Yes,,,Yes,
SYNEWPRV023-0001557,SYNEWPRV023-0001557,SYNEWPRV023-0001559,2025-06-26,synthetic_document_00389.pdf,sender018@example.test,recipient003@example.test,copy010@example.test,blind005@example.test,Synthetic subject 00389,,Yes,,,
SYNEWPRV023-0001561,SYNEWPRV023-0001561,SYNEWPRV023-0001561,2025-07-27,synthetic_document_00390.pdf,sender019@example.test,recipient004@example.test,copy011@example.test,blind006@example.test,Synthetic subject 00390,,,Yes,,Yes
SYNEWPRV023-0001565,SYNEWPRV023-0001565,SYNEWPRV023-0001566,2025-08-28,synthetic_document_00391.pdf,sender020@example.test,recipient005@example.test,copy012@example.test,blind007@example.test,Synthetic subject 00391,,,,Yes,
SYNEWPRV023-0001569,SYNEWPRV023-0001569,SYNEWPRV023-0001571,2025-09-01,synthetic_document_00392.pdf,sender021@example.test,recipient006@example.test,copy013@example.test,blind008@example.test,Synthetic subject 00392,Yes,,,,
SYNEWPRV023-0001573,SYNEWPRV023-0001573,SYNEWPRV023-0001573,2025-10-02,synthetic_document_00393.pdf,sender022@example.test,recipient007@example.test,copy014@example.test,blind009@example.test,Synthetic subject 00393,,Yes,Yes,,
SYNEWPRV023-0001577,SYNEWPRV023-0001577,SYNEWPRV023-0001578,2025-11-03,synthetic_document_00394.pdf,sender023@example.test,recipient008@example.test,copy015@example.test,blind010@example.test,Synthetic subject 00394,,,,Yes,
SYNEWPRV023-0001581,SYNEWPRV023-0001581,SYNEWPRV023-0001583,2025-12-04,synthetic_document_00395.pdf,sender024@example.test,recipient009@example.test,copy016@example.test,blind011@example.test,Synthetic subject 00395,,,,,Yes
SYNEWPRV023-0001585,SYNEWPRV023-0001585,SYNEWPRV023-0001585,2025-01-05,synthetic_document_00396.pdf,sender025@example.test,recipient010@example.test,copy017@example.test,blind001@example.test,Synthetic subject 00396,Yes,,Yes,,
SYNEWPRV023-0001589,SYNEWPRV023-0001589,SYNEWPRV023-0001590,2025-02-06,synthetic_document_00397.pdf,sender026@example.test,recipient011@example.test,copy018@example.test,blind002@example.test,Synthetic subject 00397,,Yes,,Yes,
SYNEWPRV023-0001593,SYNEWPRV023-0001593,SYNEWPRV023-0001595,2025-03-07,synthetic_document_00398.pdf,sender027@example.test,recipient012@example.test,copy019@example.test,blind003@example.test,Synthetic subject 00398,,,,,
SYNEWPRV023-0001597,SYNEWPRV023-0001597,SYNEWPRV023-0001597,2025-04-08,synthetic_document_00399.pdf,sender028@example.test,recipient013@example.test,copy001@example.test,blind004@example.test,Synthetic subject 00399,,,Yes,,
